Client_ID,Contract_ID,Relationship_Type
J1gKSL,h8Prt8,Auth
LUQHki,3PZtUg,Owner
bzU0ar,oms5TL,Auth
5OPTSt,zeUbde,Owner
12gn8F,M9pnXc,Owner
JIKwPO,tVd9XL,Owner
fsGhcF,woime3,Owner
9wU2un,TCx6x5,Owner
nBZZbK,TGRES0,Auth
YSjdEU,k1S8A7,Owner
GiqFv4,ZLZxa4,Owner
47BpMf,s0qdpg,Auth
5HrHdi,FMO7Gi,Owner
A1emYS,ouQPqd,Owner
ZFroqU,sG5dpE,Auth
qlU8Ht,uPfoWc,Owner
2O5UQo,SLOZ0Q,Auth
bFTBcJ,Ijcb1q,Owner
IjJPSX,qp4BW7,Owner
JdooPC,OlCoFD,Auth
rbs8DR,03fzLb,Auth
x3hQ17,6a5bIs,Auth
kbwJQh,2gnJvF,Owner
K69gIJ,JLEeRD,Auth
bEVfzQ,ZO5aaL,Auth
7fyOtf,8x1bJc,Auth
Zjr9hJ,yBdcrn,Auth
inIp8L,26hn2D,Owner
CCZwvw,rFMEgI,Auth
YtYaYx,lnsM7J,Owner
5JovIJ,0sJ1Li,Owner
ZE6rlb,a1F2GF,Auth
rwB5RU,i8MfpJ,Owner
p9Oyp4,jt1F5W,Auth
A2eWL8,8SVUwW,Auth
U6obFe,kzJkJS,Auth
eDWThw,mC7NfA,Auth
Wy2HbI,OJPXQE,Auth
WCQTQA,FxQwMJ,Owner
63ZDlB,gndWW1,Auth
sR2YRw,5NpwVh,Owner
NSoRld,effZk7,Auth
bDZ37Q,dp7CDM,Auth
GdlpuI,XEe5xz,Auth
JmoJ9i,AXSR6d,Owner
6LM3oh,E01oB1,Owner
9YKPUW,p3UjFZ,Auth
LXdXd5,GMEIvq,Auth
lD7BGe,7FrbwU,Auth
ZfAj9f,aZ01Dq,Auth
Ibkalp,c0wShW,Owner
YkGTdx,Nvt81k,Auth
GBZDLb,KBznj5,Owner
fVfYFo,5zdGIc,Owner
72RkrH,EbZlNk,Owner
3fUsMe,dFbFK6,Auth
GQfvgJ,RWwj28,Owner
HP9heQ,8KESHf,Auth
vX8GCB,ZE0THR,Owner
m0YRyX,nuHS33,Auth
TZ35lv,otWAGF,Owner
IRUbzf,s7W5Zr,Auth
UEk6hX,8fZ1mS,Auth
Svfu54,Ugaq5E,Auth
UdJOz6,SxBUgO,Owner
ImXNHF,Wjd9yY,Owner
E0S7g6,vKGEht,Auth
NWtS6h,zf1lSd,Auth
y3uX3Q,TRCoTW,Owner
HJTfWd,ocM5K6,Owner
gkYH1r,5ld6V1,Auth
tnYBHX,VmfGpK,Auth
z9uQ2w,95XXj0,Auth
ksXzv9,RWoe9L,Auth
r4AS6S,7LIliY,Auth
8ucoVV,chUXoi,Owner
l8RzPw,hBwMOE,Owner
RjUizu,4ReZGA,Auth
j6Ycw6,GLD5lW,Owner
a8UUKU,XltVgw,Owner
lBlgrF,lJV3iO,Auth
PFToUL,8EB9Wg,Owner
css2XU,U3pyCq,Owner
fR6Odp,yWK9AY,Auth
i1oAnX,Sg1N0S,Auth
peK6U2,ReL2GZ,Auth
oU3iTx,zHAuBF,Owner
JtAkU7,bknpZj,Auth
R6e6a0,8ak5Ma,Auth
whnR6u,HcOUGH,Owner
5vKfsX,ogMTFP,Owner
f2Fglq,g7qLgF,Auth
2uXeuA,eGf0RU,Owner
qmchBe,ALj88M,Owner
6LqzaH,5ep6ww,Auth
dG3dFT,uz1Po8,Owner
5IyHGE,vZe8IN,Owner
LkA2zu,mntE75,Auth
VrDUJH,6rZPAI,Owner
6hIPZ8,dIMkp3,Auth
MsqDTZ,ffu2q4,Auth
hRvh3x,ZnvRKS,Auth
PfT6Sp,NAKobf,Auth
VsQcje,WsOhWN,Owner
UgofHS,gKq3kk,Owner
yvjVLl,84g8RH,Auth
rKYBvL,N1NQZm,Owner
7eBBee,idrxuN,Owner
b5k06l,ZXPpba,Auth
zr5sEU,charbz,Auth
Mbwz8z,cnJ0wP,Auth
1uzCPe,dxR6jP,Owner
LJX6ek,0p3MNr,Auth
a9Zdr9,IXrYYq,Owner
uwg4vs,5QDQq8,Owner
fxytE3,y4rYqq,Auth
Ok5Q5q,hbdwxX,Auth
7TjEgY,3UGjEy,Auth
Pkh2oO,qxiSgU,Auth
c13ql6,TefMtg,Auth
rn5koz,TsjWB6,Owner
ZkHx6o,8gPuaA,Owner
Rd8Epl,Ac7odl,Auth
ZCKNhH,RmxEFY,Owner
AMbbEm,vtaZtX,Auth
pT0J14,4Ik7wL,Owner
Fiuiaw,qM3fKv,Auth
dAHOJg,kShtYk,Owner
vjGjqX,NnWxZW,Owner
qnmEHX,h6zWPn,Owner
5BnTSp,fp4pat,Auth
ITyM0h,hr50yu,Auth
dR2b81,QfOojZ,Auth
DmCyYU,R5Hxnj,Owner
6acyMm,2mYJoc,Auth
1WJCva,q9isrO,Owner
B4u5z0,qkT31p,Auth
qFF8nP,xKHPn9,Auth
CFKCRT,j3bhmF,Owner
rptlWR,oCnxH4,Owner
fKbFt0,NVnCV8,Owner
M11Wpj,vZy34Q,Auth
fuEr11,9MscCq,Owner
WQsuVF,QxJBjJ,Owner
ktzMxe,IRREw3,Auth
OfYlK0,Oy9Sas,Auth
XdXJjw,PP7jTI,Auth
YkFVSy,9orUFz,Owner
2s2KmO,JwAhfv,Auth
vWh0fx,xaJNzw,Auth
6L9RyV,sZOhLH,Auth
0EM0ln,T42RU3,Owner
QljwNF,odTZer,Auth
6Ftfo8,ky7N0i,Owner
w2cKWk,7SyRAK,Owner
q6ECpt,ihLyAO,Owner
JmZfQQ,U6NskC,Owner
mLgIe8,0IDkh2,Auth
jMoFIl,b4laUl,Auth
OkSh7f,wZRTiD,Owner
851KUS,cwQWtH,Auth
5tFydM,pGcqFq,Owner
bNj6UG,U5dNkB,Auth
Wa4qwM,GiOjjl,Owner
AuriaN,DuGRck,Owner
OxXT9J,iArTJW,Owner
CLwrc1,1xlJGo,Auth
g9RVnV,grgJoA,Owner
1rgmyV,argVMV,Owner
fVLNo6,G87fmx,Owner
4z7KAH,FmPHrX,Owner
tI4dKJ,WnxMhj,Owner
U4dz2W,fRKvaq,Owner
2ldY84,WbuxCG,Auth
Dj4buG,0dmoGr,Auth
LLC2dG,QRPC3H,Owner
hXdzn7,1vEyGn,Owner
fdaW4o,9iFc26,Owner
AgwesR,6flxLj,Owner
GhXPiC,rPSNZG,Auth
LsbckM,IOdjIT,Owner
WEXmxI,oaAqXW,Auth
Y0Y667,Ova23o,Auth
EYS8Ip,WEocW4,Owner
HV6idN,wXy6N8,Owner
MX4TQi,Vgcj8a,Auth
eQHkmY,qKdfRn,Auth
Qe0ule,fgdkt5,Auth
zXrYNk,jbGn6j,Owner
NnBbCo,0RTOQU,Auth
dRwJUr,YCdbnc,Auth
xP8tYo,Kx9e5C,Auth
EpdgUS,oX374J,Owner
6eAI0p,nURNYi,Owner
HNchcY,wNbSu8,Owner
TuYri7,9bqLsn,Owner
8iM4jM,vXOPz0,Owner
vKWYKD,9yWJ4d,Owner
INxWuT,hAQuzV,Owner
7ZenzC,7WYb6H,Owner
Rwjjj4,EGbnCm,Owner
vDG4XP,94ppGw,Auth
4ynNVh,sebaFd,Owner
KH4VCB,cMqiFp,Auth
Tw5GI4,FQDNjO,Auth
BHt989,18t2mZ,Auth
umlSlh,j9aRNX,Owner
12Xp8s,otSpjf,Owner
SDUrAK,toCBb5,Owner
37qZ0x,E9bmf6,Auth
aBQ5j7,8MDQbK,Auth
dj7I8w,Qo7X7J,Owner
xwgZku,p19Yl4,Auth
8HVBvs,ds7HJ1,Auth
TrsE5m,VNoBoc,Auth
69hbM3,SNJnNJ,Owner
ASvekJ,UDgDJq,Auth
17neuD,ziMk1r,Auth
DwXBx4,5NvBt2,Owner
bhwhCh,9gFskl,Auth
ktMI87,6SLq37,Auth
BhgpXi,S7ZfxS,Owner
s2DjqZ,1GaxyI,Owner
o2E0Cs,iiqX7U,Owner
dADhOP,QhE9vn,Auth
W04Ebm,ubBiYL,Auth
lsapOw,hWwizR,Auth
SPmv1j,XEw76o,Owner
Kv1zo0,PGX6GJ,Auth
JDw5iG,fyIREs,Owner
milYkw,HQHPQw,Auth
mQLtM4,su2nhD,Auth
hpoFaL,pLOoMJ,Auth
KQy9HB,7YhraQ,Owner
ltg1fW,PD2IRT,Auth
78scgZ,k32iEa,Owner
vP1zI1,GGSjnX,Owner
iTybnb,3kFVMA,Owner
esqtB2,8mjIEX,Auth
rPiEIH,NdL1lQ,Auth
0JOQNB,bt5Pa8,Auth
Qsq6c1,4La0H9,Owner
ezhI5p,Ls1B1H,Auth
4XtN2k,IaioVF,Auth
kZ9GxB,DOplkB,Owner
agrmNT,mclaI6,Owner
g1BWux,Geh23G,Auth
W026es,jKs1Yl,Owner
NzKGEW,K7rZAd,Auth
w4CgHd,AgZr09,Owner
hefIjL,9DLZtw,Owner
z8cP7s,azFNPG,Owner
dJLJpD,Ymtjll,Auth
dEEmjV,BSYF52,Owner
BTJk6N,6jRESB,Auth
fyFsHU,Wg4WAN,Owner
Se6rI8,cA4gvy,Owner
9UQHiF,94IysT,Auth
VU9gv9,XmQusg,Auth
gEvPjL,EEInNt,Owner
5vPpcI,w0CKYx,Owner
Bf4xF7,6iwLwK,Owner
0hn55X,HiSl12,Auth
7HPxA8,OqKbTo,Auth
Oyk0rR,5xVkmf,Owner
TbIDpO,m1bCsY,Owner
RL7agz,h0xNL4,Auth
fmoSKL,DWkR7d,Owner
ZSxM7T,Zerv0y,Auth
1F9phZ,0Iqbvv,Owner
uUQKml,q25pjw,Owner
5wrukA,Dn9vLg,Auth
vFMg9w,E22ipX,Auth
UHI6gl,lygALv,Owner
71mLXG,l8NVVe,Auth
12TeQz,o6HDm1,Owner
vSoVLN,SMIad4,Auth
hc7qjD,BpHHPi,Owner
wpg1AR,UWbD6w,Auth
xY8R3O,8OMoaH,Owner
FMjcd0,pb7ihQ,Auth
4Mi8Oo,PNvv6K,Auth
wtMPkU,HApNf1,Owner
DL0hu0,nTUSFy,Auth
b6CRUf,GQh2w0,Auth
9jp38A,AiK6qB,Owner
GqpzIt,zxURiF,Owner
qIXgrJ,ORF8GR,Auth
Z0PcgD,eK0VCA,Owner
c1330T,d9EHwB,Owner
tGx90G,RP5Zjx,Owner
bS2WPs,5iavbh,Auth
CrKX7T,pPPiNp,Owner
agxzNs,F5pN3e,Owner
6nP3JY,Sr0yRX,Auth
ZXNMQ6,bsTMQu,Auth
DL2DiP,tRqgyR,Owner
2rjqFp,KXEuOA,Auth
BxI3O9,95RbrE,Auth
Sprhw7,kY3qQ4,Owner
Ogxr1L,eFn4gn,Auth
nIV5cL,xtBr2x,Auth
OXSCj7,t1g8f6,Owner
sYjl5j,XOEL8o,Auth
g7f3rN,AyZcuG,Auth
qKfGOG,LxsglW,Auth
yFEo9M,I7LcLz,Owner
HHzIun,mv1Rqb,Owner
ICZtoR,zLtAsC,Owner
PK9WoA,xTeKs0,Auth
t1bh4j,7ZyhAP,Auth
qCfzSN,IIa4qY,Owner
FZ2NqJ,gXP2VO,Owner
A53Cak,tncQTA,Owner
CpPIrU,c5u9qs,Auth
WFZsw3,B2lkzk,Owner
PkmAQH,mqKyia,Owner
4rziY8,u5xGZM,Owner
fSwtvb,JeRyZZ,Auth
WveIyQ,4Nz44e,Owner
q8bNjb,rbNCHm,Auth
S8m7Vx,70Okd5,Owner
aqJg0K,M8WpoR,Owner
CKvTCm,ZkUgFL,Owner
g0VMqc,PiCE5o,Owner
9h4OET,JP8DcZ,Auth
J9V8O4,AevGES,Auth
qyhuU8,kPK4C6,Auth
x3kcNO,ZB18ZY,Owner
b71z6Y,wyIPg2,Owner
ZnXF8U,xT6QhO,Auth
s7jMii,NgboS7,Owner
q4MYps,LaHNlp,Auth
aajlB8,Np8Xyr,Owner
rCRNQN,j5HJVm,Auth
iZlP3w,baueRP,Owner
hx9eKF,HzCjRa,Auth
Ivcu5a,TksSfT,Owner
hTfM0X,GO0Agf,Owner
BbQXTk,6pdudg,Owner
dCyBPE,8uuin0,Auth
HEssmc,rTnPGR,Auth
orktRO,iLkUKZ,Owner
3zd9sP,Ay6QCx,Auth
KaISuL,hCsWJz,Owner
UW5Tg1,2tCEzf,Owner
SddKDk,3XX5Dq,Auth
POqWq0,06cnA1,Auth
ZCJdnJ,99RTKx,Owner
gObeMC,871N4e,Owner
BTabk7,QhjjEl,Owner
XYo5w2,ddr8ym,Owner
oWN12h,cVerOd,Owner
etxedn,NKfyBM,Auth
UNVa35,Ie40eZ,Auth
5GthfH,pKz5fk,Owner
H822Wr,uHTkuD,Auth
IjdneE,kTmH63,Owner
MwVhFK,UdYQ4s,Auth
88OkA1,ycVq4o,Auth
WQlajq,WlNzMf,Owner
oKCzLq,K20F5r,Owner
E9VDan,IBi8DQ,Owner
ga6Vdw,OOwe0Z,Auth
JvkgIh,DKmWF3,Auth
TChORp,J2KMT7,Auth
ETdDN4,rkCpCI,Owner
jiROKL,Sy0X3k,Auth
9bMTld,fQljgQ,Owner
U67UKR,yAHrc0,Auth
JHXApV,sQrI6G,Owner
BK8M7X,yg4p0K,Auth
NWm8OK,W5DuV0,Owner
mlUVm7,Kf47dC,Owner
CAdP6O,P0NUOm,Auth
UrFxo2,XuVdC1,Owner
uNc3RC,eTIRio,Owner
XZFrXm,gNAUW4,Owner
obO67A,jfblBD,Auth
1E19Tq,rwbh8s,Owner
Afa9nq,ULZlAC,Auth
GjFr79,NoFnm0,Auth
UsGlBF,k9zZX3,Owner
XpwrNz,DhikKb,Auth
Ecbv5n,FtnBEg,Owner
AnmrsK,7UPcM6,Owner
VDnTKM,ay6z3P,Owner
pQ9n5F,r0qKSl,Auth
6l56sj,iUN1EK,Owner
yF9jcs,dyJu02,Auth
gCmz9V,wDKDlJ,Auth
KW36LM,GFV0vy,Auth
BT9Au4,7XNTrF,Auth
64kuex,BxjnTR,Auth
zUNGL7,Ed2uQl,Auth
C7IIJa,m42QQX,Auth
m582KI,z8alcn,Owner
Nm1ZgM,V7Dv8e,Auth
6iwL6B,t2goCf,Auth
xX647E,UtrNco,Auth
WNdYXQ,A9WWhw,Owner
2FFO5S,9HgZhb,Owner
XrVAds,qmZrOS,Auth
GMhOHN,LEqp7V,Owner
HlPtlF,Jkik1g,Owner
t2ku7Z,VolPlF,Auth
2tpOmv,cQ78Wr,Auth
4u9gOK,mw8f1P,Owner
idrU4E,EMSGdY,Auth
ZKXMjE,REVpEs,Auth
XJUrmF,AcHZLu,Auth
grArsg,Oa8ImK,Auth
BjljeJ,KjrJwm,Auth
7xQWAz,RUrkln,Auth
JbOwfi,JUFl7E,Owner
PWSaO8,YjGqQE,Owner
VlOTpW,QpQzxE,Auth
9LYruc,1Ifbm8,Owner
fWg62n,lVyL2P,Owner
K1IpXG,IgvGgE,Owner
YPdRf5,issCiA,Auth
H6pkaS,2XWJpM,Auth
aTGdZ1,9sDNCz,Owner
BAqFUt,7t46Rd,Auth
kz01dV,tYu3qj,Auth
7v6TW1,vRRHgN,Auth
zdsLon,qsBacZ,Auth
vCN495,YMnu2s,Owner
GxdrAU,MikoZZ,Auth
FxuLe3,6n3QHY,Owner
KNlnh2,r6Drfs,Owner
AoajPv,8F3ohc,Owner
6g6LcM,395D2M,Auth
r8bpW6,hu8FiY,Owner
Bxxis4,ERjbJx,Owner
HkEFGw,SZtZCY,Auth
C6NYYl,kaa5If,Owner
pNBHJC,Gj0uEB,Owner
o95e88,cXezEf,Auth
UZeZzd,XBFbFK,Auth
GCCaGY,qO2LDi,Owner
tkqN0c,kme3bZ,Owner
3NZxUH,LIAM0B,Owner
38mDEi,9tuvOS,Owner
Gh2nUl,m1PNd4,Auth
Yg7bQn,TG8REy,Owner
UfXHTw,bW3H4P,Owner
kBSMz7,8ClY3T,Owner
eFnNLD,iIC8lz,Auth
l3feb9,n5oy3N,Auth
OmSgHG,piXcRn,Owner
2xgLnN,GgydSK,Auth
HA5uPd,d65Mlf,Owner
uB4szm,1w9JKR,Owner
7NnQfg,5jn4T9,Owner
4RUBjk,wCVzE7,Owner
L6B4cY,WtVF3R,Owner
f0Xhn5,3bPalz,Auth
qT3sAe,MN6PTP,Auth
5ZRs5I,UQh9h5,Owner
k1x4YP,VYe3iu,Auth
wl9LtN,lNGRVW,Auth
W10SsE,SV0XQk,Auth
ebhTFz,clo96Q,Auth
dQykx5,kSgvzW,Owner
gO33hp,KtkddR,Auth
q7YAAx,42xCLR,Auth
lsE9rB,ykp7eh,Owner
Gc2bw5,KBtuqC,Auth
NMTsLJ,L1b7Ea,Auth
Wfvcm8,eolbMz,Owner
Hg9go4,754ocs,Owner
l4ztuc,roo9k0,Auth
1gw1V4,ukvRAJ,Auth
LbeXOx,LeN4tx,Owner
IZfI1Z,ebIUJ0,Owner
ZM9m7U,ocQGDR,Owner
RbTF1C,q0skae,Auth
MJTEen,Q5ubM5,Auth
r1FRXr,9fNTRX,Owner
KOXt1h,j7LRv7,Auth
TWn1Bo,26z34m,Auth
GkE8xr,4QYnRe,Auth
2LjQLj,6VedyW,Owner
YCIdqo,rKD7x2,Owner
iY5Ibz,3zdNde,Auth
PquuUv,HKY1fH,Owner
8i7YEO,fIwX6e,Owner
rhvGmk,KLM8ZP,Auth
2Ww1kn,1jToi5,Owner
ZNwYTK,uvTp1w,Owner
jTtNeu,1tdVXB,Owner
wK1YVK,5BPwPE,Owner
bnhVYC,0LjcwE,Owner
VXFtiV,m7Dc8P,Owner
o6zd4a,8bLZyA,Owner
cBuSau,0cDgGn,Auth
YZaYO2,nmBkrY,Owner
C3Ubtb,JLTNB6,Owner
gCiQZ8,McO2Nm,Auth
poXWp7,4h8a2d,Auth
BZQDrA,SKjMoV,Owner
qalZhB,4Rmw6k,Owner
lP0fbG,DMR0rX,Owner
m0mEmK,1X41Jy,Owner
uYwOmt,cb0Bi7,Owner
Ih1J4M,UAipQV,Auth
L4UYbj,SVfJ67,Owner
bHdh1l,PGouv4,Auth
AGEFd0,qPZDJb,Auth
l41cLe,Av2Zji,Owner
db5plb,qTbz9O,Auth
UNueHp,SUPMwh,Auth
BKOyh6,eEElyI,Auth
XmGfrN,R9mcGP,Owner
NUYf1w,Taxr6F,Owner
Oj4Nma,bDTw3G,Owner
GZf0fb,ywlYUN,Owner
sDNNRz,QEi6vb,Owner
ejjPux,8WNDCD,Owner
3aX14r,YIi6hQ,Owner
T80WXF,cBBFz9,Owner
gSpjcS,v3xxc4,Auth
oMXCZG,EL87KC,Owner
X46qUl,5VwzqO,Owner
CI5Ejo,9jiGku,Auth
llYw9x,mzcAzU,Auth
QW6HSV,sPTS5N,Owner
ZWM3YU,lJCP7N,Auth
FFBoPp,y3rbJz,Auth
gZ4dsy,WlBU3P,Owner
bjD7H0,KghK4P,Auth
iqnsEx,E3Zl48,Owner
ZdTziu,mNLpQM,Owner
miVAOw,c1fwD8,Auth
xyXLCU,ViZAci,Auth
bYovs5,pwHEl3,Owner
BqIdkQ,JmSBLm,Auth
2yzBLz,ffK1kk,Owner
Q7UPoP,s3Kd6Y,Owner
MWBvWr,EXdnpj,Owner
w7G9av,kUePY3,Auth
W2KVcS,57Kz4u,Auth
d3kNY0,eyQGeU,Owner
yLjBvM,w5v31w,Owner
jAYJkT,UmAU5i,Owner
Y7lEo9,8vaHoF,Owner
0v5pxD,IN1NSr,Owner
8GQO3e,MXAbv0,Auth
8qnsys,HEsCqk,Owner
Bqv0Lp,txDYfL,Owner
lTlIxf,68qsqk,Owner
UzpYoH,PVAKdK,Auth
Mtljuy,u7kf8o,Auth
rR5M4L,arZjhw,Auth
EFBUnL,Fpi3eD,Auth
rDmork,GbUcxz,Owner
U1bFMX,hc1JYO,Auth
ghwJz5,eo9WsX,Auth
Ihmfdm,f6D2bc,Owner
3QFT06,yjcG5o,Auth
5SkBep,xcWt4y,Owner
qF4gVu,uo1ZoN,Auth
Hnybju,2o6Gmg,Owner
GGFSSq,B9B6NI,Auth
laI9iZ,nUTINv,Owner
Zq3Qj4,IbNwSU,Auth
WtQB2s,aPPXMe,Auth
fLH6Dj,ZPzFi7,Auth
KGeWLa,Kh90WX,Auth
e8XcPZ,qz55Ye,Owner
XgQoWD,IzkwPh,Auth
HCQlzw,iyXFJK,Owner
RR7vN1,sGfQl9,Auth
NkiUk6,aiuQQE,Auth
QD1DGc,OkowR3,Owner
Bjlqp0,WQyJTn,Owner
Es4PxU,aGFkcZ,Owner
Jk4N4D,KWfAwl,Owner
U7bxUZ,8TMnoV,Owner
HJwHqD,7AXr2J,Owner
wPi8Ym,q5ZLb6,Auth
0KajeK,NUwBKL,Owner
mW3fxw,8TSN4s,Auth
iHNlc4,gH88Il,Owner
HZDjrw,Pu3Z0N,Owner
6NXUMo,iDZOiD,Owner
bLGBod,vXNFgV,Auth
eqHK1W,mFoKRN,Owner
PPS3Ru,Yw4WHs,Auth
DGaCV5,zNj1QQ,Owner
b7u3HV,ZEpTRm,Auth
LKgXTF,uygNjQ,Owner
LN50rC,xGwuYD,Auth
QFYp4x,akvkmc,Auth
Zcp8C4,v2yYdk,Owner
hWO87M,4iqZ7S,Auth
tiBXNP,68Awip,Auth
tZS4Cg,fzIVom,Owner
m2vLTB,ZKnDlL,Auth
DzypjD,mJZEsq,Auth
iVicUA,lWZi5J,Owner
zo8MLI,ypZy68,Auth
KUhWOx,sxhuaf,Owner
9Jh5IS,tX5IiV,Auth
Hio9aG,7XdZTm,Owner
FXTLdw,hfRjDp,Auth
tPsTfC,z8uAnu,Auth
OttRjY,hkIEZK,Owner
nWJYMm,4nY3SF,Auth
5CDigE,yCiCOp,Owner
V9NOdC,e5XkXo,Owner
R0l3QV,4fv4KI,Auth
KwHxv9,SLl6iT,Auth
LD7IN1,e6JLFR,Auth
YCIT7i,jXfe8L,Auth
SRz1dJ,wGauX4,Auth
CEpzxc,UWfme1,Auth
rMcXCa,wRF7Ms,Owner
Fnr8nJ,cBJs3I,Owner
TFRUB0,5ZmdEE,Auth
QXoQnf,1DW8xG,Auth
2txuiC,owzGOK,Auth
8z4yqI,Y3pxR0,Auth
5qxwnh,3fjdsU,Owner
mZqe4x,vvirbX,Owner
NcQ5fW,VY3Mmg,Owner
KnGion,3er5XC,Auth
jXj3Id,IA9qdY,Auth
3l3LTA,ZauO6V,Owner
Fufd0K,3PC2aa,Auth
txPOtX,y5OlAi,Owner
cG79jz,tCeIB9,Owner
XoJHeW,H9IyEh,Owner
URH2bq,HKHvjM,Auth
4IK37U,rUZuX0,Owner
ZfsjfJ,idaZJo,Owner
XtJku2,nmhPJh,Auth
tx7Bu7,gDuPjS,Owner
mfv1HE,Hux2Zr,Owner
QuA8tA,6ELUdO,Owner
Tn4acw,tRxGhr,Owner
mEgZSZ,zbw3hz,Auth
n3xdra,xfuSrH,Owner
IqZ2PE,E8cGQk,Owner
UyRoF9,KJSGHc,Owner
rTLl6S,uRquPl,Owner
IhYipf,W2lXM1,Auth
kdHA86,Mmssps,Owner
XGqD1V,NVYGHk,Owner
4CYJsd,VKhbPb,Auth
0B8Gpu,3snsaR,Owner
zOpZEh,SnaLgN,Auth
CCDRlm,trzoF0,Auth
RBGmD3,kKvow4,Owner
7me61V,TZbfqi,Owner
s00cVM,RcEYDt,Auth
L6Olt5,KDjjdr,Owner
waqDPX,fIAnnh,Auth
lCKqVy,ZitgDx,Owner
trQoEC,iP39fy,Owner
jfMdO8,dT3nK1,Auth
8yFQBj,OzlRqM,Owner
hgEzJA,DslAZN,Auth
nmDuEo,Gx61VK,Auth
3H21QN,FHuL1j,Owner
V1NvjJ,eRnT7y,Owner
m2ZKau,I5cG5W,Owner
1SI2nE,jVkHcG,Owner
JGyWfw,Wupciw,Auth
hoeAT5,TLzHso,Owner
XWIBUw,3eLiob,Owner
y2ZQjJ,Tv7HSb,Owner
10Ey5I,6OARnW,Auth
HFuXds,VKAxnS,Owner
b45mlj,sJpe3l,Auth
m41xU8,mdnYWg,Auth
yPHQIU,rV1J25,Owner
4ciekP,YDbG6F,Owner
krl0my,6NXsqA,Owner
3YmJeQ,jpvKe5,Auth
3hhBUp,3FsTdF,Auth
JyU1xw,FIIcvB,Auth
tgieQi,CwpZZO,Owner
ajQG6r,aMCuuC,Auth
Zyu7aI,SDjH7h,Owner
zbxQ2r,MW6VDy,Auth
3ctx2G,d0u9sm,Owner
BnvB27,UBRiBp,Owner
Wh1doG,bRYkJQ,Owner
5ZXfLu,ADjcRe,Auth
ULpIQT,KQ7I8O,Auth
zpWAfL,AfwiBs,Auth
uTVTH8,9EvK2T,Auth
NYTKle,AR2v6V,Owner
1ApwXz,W3CoRb,Owner
FnMf2F,3eXsWO,Auth
qJdIHz,4ocz4z,Owner
oYUphe,ida6k0,Auth
wMvxhN,h3DRAS,Auth
pXEqgn,jZFl15,Auth
XvqJlw,26plAR,Owner
Gq0ptR,uWDkqv,Auth
WET2hN,UQHI9C,Owner
dgtmMJ,fgXcYE,Auth
thiLsq,d8Lv5w,Auth
tzcbkb,DAhVCm,Auth
VSD5Qk,IHCxhN,Auth
6cfC71,DHiO5f,Owner
cd2dPm,GcXolz,Owner
IjA5l1,XdyD9w,Auth
p4DCmd,WfV3Yd,Auth
HuoHuk,QsxBMD,Auth
8lVeCp,e6B0b9,Auth
wLpKnB,rXpNVI,Auth
XmyldL,voAZHv,Owner
HykBHZ,VlkqJd,Auth
Whd7eH,7YQdxO,Auth
m8vduC,ESyNmT,Auth
N1KB86,D6gA27,Auth
rI3DCS,uOvvq4,Auth
Mkqtn9,eQtkgR,Auth
kj3H5S,Ksz7uz,Owner
rmeoHs,li8NDw,Auth
MRj4g6,l5USd2,Owner
KNaFjV,0l0epc,Owner
0Ow91J,0koomV,Auth
TnCTde,Cs4Go2,Auth
ZjPx7q,MFNCLx,Owner
PZEDcL,aZVE88,Owner
8DH8P3,08cjGg,Owner
t1lCx2,K3h1pf,Owner
bqtr27,AuK8dj,Auth
rD1K4n,VoPnq6,Owner
fAMBoM,Py36wG,Auth
6bQOeo,Ut9Ogt,Owner
DAmJJa,heRy8w,Auth
BqKTWi,NuZLsX,Auth
g9mAz7,1LjwGh,Owner
sDge0Q,L6x1rg,Owner
3Q5H2J,5YlDEO,Owner
qTGuMg,zfAQBR,Owner
490tQI,FKP70X,Owner
EONyeP,eiqhfH,Owner
YXTuRd,skWzkz,Owner
8IsqJd,LpjLi1,Auth
eLgw9e,rwoOUn,Owner
1O8jSX,AIeKet,Auth
jPtsXK,lThOWG,Auth
eXifBD,eXyQJe,Owner
B1Eke4,M7pd0S,Owner
b4ktlg,J2l7h2,Auth
UpINeA,g9kutm,Owner
eLUEqd,TVTVQB,Auth
xkKE90,5DpFDS,Auth
cjJ32r,uCeQKB,Auth
g8zSOk,hJ3qwk,Owner
pf71mT,vBx2Ea,Owner
Cd2031,iCSBGh,Auth
t6hMF3,zfo8LN,Auth
oQewUm,OmmyCl,Owner
gGzvc8,oLukGf,Owner
CWvCwR,SPjPWE,Owner
dWBvaC,UUoRYD,Auth
CXuIJE,halJvN,Auth
7gxzhi,T45uJ5,Auth
GLV3YM,pVHQjl,Auth
pN908p,7Us821,Auth
lpDyA2,4URnlP,Owner
mz7nsq,w5q9ae,Owner
AlJi5n,LVeM27,Owner
Jtil9x,7dsN0T,Auth
XwlwOp,Z5pgHp,Owner
MuxNDz,fgzr9G,Auth
aFGd33,hKVvhT,Owner
oA81lV,6O0ZnU,Auth
NLjpSS,GQCPVu,Owner
zAI6MP,UN1rij,Owner
Ft9k55,dSS5GU,Owner
ZRZktH,PN6ywf,Owner
h71bND,Po7xLG,Auth
9FYKk6,8k6VWt,Auth
Y6cgzn,Xw3WjM,Owner
tm0ANk,YfVZTG,Owner
d3yDSJ,j4CEu1,Owner
xS8lJI,xNT3ce,Auth
L8M4mi,arJcEZ,Owner
9KKdeU,XO3zIp,Auth
ScFeBn,gJFNoS,Auth
D8cnmz,i6ChBw,Auth
mfhAQa,EaTGeR,Auth
GSnpIv,HjFBIL,Auth
eomNpG,6tv1zp,Auth
jG1OSV,7h8VYQ,Owner
kAcFhz,M916dt,Auth
XA7TGA,da1wSx,Owner
NjAZVS,UBxbZr,Auth
atS9jV,ihWVpJ,Owner
1HzbHB,GDNzbw,Owner
VOKeE7,vAlIy8,Auth
lbVXvx,eNhJKE,Owner
PAxhtt,IxwwYQ,Owner
M7I8m7,teWIPU,Auth
V9IdnL,Cv6Sih,Auth
YUYRXb,o1T4j2,Owner
9eulV4,9FeQeb,Auth
CfRteE,MRfrzj,Auth
v2IY2u,uBcchb,Auth
DGp1ae,ygMyi6,Auth
Vcp7Ed,CjuW9u,Auth
7YwwNA,w1DiXv,Owner
xaojEU,nnqLbp,Auth
mUiPMY,7zAPEA,Auth
8MdOWl,Sbl8HM,Owner
GWzJyt,5e0a7R,Owner
kCiUyG,fyvwDz,Auth
ZvpGkL,H9RX66,Owner
CmF6pm,q5UYmd,Owner
qHUtyj,ApZDqT,Auth
RZSodX,2qLJO4,Owner
kwxPEC,R0l0KK,Auth
6Q1jvo,r9fRBF,Auth
07Azvg,W9O9o4,Auth
yolwDb,ujoquJ,Auth
dY4pxF,3azT89,Auth
azvBkh,Qlc9Qs,Owner
wRl1a6,quGl6p,Auth
heOXQJ,mwFVfb,Owner
h8iOr0,ia2nCy,Owner
PEYuaH,KVVKtu,Owner
h5ua0G,wmu8zC,Owner
mrqkho,m3SSk1,Auth
WK1Ftf,daezke,Owner
AY1zId,fCuwGZ,Owner
EPkqNX,7UJDCS,Auth
n7Hgri,JrPulX,Auth
Ud4hfH,2rCbwN,Owner
BQBE0g,teVQVe,Auth
yeFQYQ,utvapu,Auth
aezkky,P0YM8k,Auth
oGL4Bh,XvgnYi,Auth
rtyXDa,QGyqOn,Owner
yD08N7,KYd2eG,Auth
hxOB2S,OSIwst,Auth
bOZMPz,P4q1Um,Auth
7H6xnE,4DLbPT,Owner
1nOW4k,SPfrFz,Auth
hMzxim,qivBkc,Auth
9nUhlD,jxf1Yn,Owner
RQ7CTl,J4AdKK,Owner
e7IRW4,tEBOaR,Owner
f0KsTN,FJ0t3y,Auth
Qo59Fn,mg9qg2,Owner
PL6pi7,CQR8xy,Auth
Dp5i9u,mhlIG7,Owner
qWIdrw,jRDgEN,Auth
qhRSUm,530g5b,Owner
RpwV3T,uaXXb0,Owner
Tfql5K,fo1QCF,Auth
vHWz5I,8NX2m8,Auth
CBCEsP,TN0oQ8,Owner
dpyBqL,WcgTSq,Owner
D8FxkT,3leIYK,Owner
aTQChr,tvNhRS,Auth
DPkZwS,lxJenV,Auth
az45fh,LafVAv,Owner
xyip1v,bLoJab,Auth
9NMJTm,kwq3DW,Owner
xYrYRL,TEjhZl,Owner
JN1LDh,cjWbHR,Auth
fCCuyf,weiAd2,Owner
B01aAf,b7KD1V,Owner
P2dQlg,XOgJjp,Auth
NJtNSu,DTZXBQ,Auth
Kcz2KY,nYvPrI,Owner
R807lS,uI2lfJ,Auth
YXGdng,MPnTMo,Auth
eJIm52,ri6FKi,Owner
KVjlKG,u8NY5t,Owner
hvSqxq,tdRmYX,Auth
8ffxtY,0z0C37,Owner
ZGLCNk,Kn2LZs,Auth
v1lieO,MTqehW,Owner
cmG0Vw,zmj6FD,Owner
WLRpo2,AdsEej,Auth
l8lK7W,hYbyxn,Auth
DByknk,nrliw4,Owner
EyQhbt,Es67DT,Auth
uxAo7X,VzLchk,Owner
dQzY6i,NZiKB9,Owner
J2K9dK,iB0pu2,Auth
GkGP0u,mqDbjB,Auth
kzxrPN,vH1geF,Auth
1fsWq7,4CBOiW,Auth
8aJbHm,KNqxqO,Owner
OO8cz3,rVqR5i,Owner
kjQtDq,qWCFnU,Auth
kukMFv,U2DnHw,Owner
cxCdlc,iw0ph7,Auth
Sj5rl0,V9jek9,Auth
aDGTjt,PSgd5u,Auth
lmfR5S,QqoJ1S,Owner
FHta4Z,A6bODD,Owner
57D0nQ,TT6w93,Owner
5F9jnU,IbTwtd,Auth
RFNylw,x8R9C4,Auth
DCa2hf,r0VXka,Auth
vMC9Cw,yRb40d,Owner
2lAgI4,xOlPw7,Owner
o3dPmQ,cEsTPr,Auth
8r77PK,xvMVHS,Owner
yI67yo,hklhAb,Owner
4BByse,RJXnhh,Owner
fHR0kw,MbF4ar,Auth
RPD6R9,z9kulJ,Owner
cdetkv,YN6fFx,Auth
Q5c25E,3xDjLw,Owner
2s7Vcc,JdYgQ7,Auth
j1aor3,t9DMLO,Auth
nDjFF0,TdwDC4,Auth
kNz9vU,d3vPTP,Auth
jBSa9X,r2Ywm1,Auth
sjVNt7,9ZUQzx,Owner
XOYZvI,zbzbyN,Owner
4iH8JI,5OYmA4,Auth
9Cse53,ELOJcS,Auth
KO2Vjn,eF8bBR,Owner
42i2ms,Cglg8w,Owner
irRrns,qQj1In,Auth
nyaFlG,7fJjEA,Auth
LcJ2n8,ZjPXPM,Owner
tjBChn,7MLsia,Owner
L0ibKN,7qp1uk,Owner
cak8Ru,L3gS5i,Auth
8lDeij,MfKQkA,Owner
EEt9ny,VNgiVj,Owner
XprGNR,jw2wUY,Owner
UGupHr,tLzz2B,Auth
23JYSZ,zqKLiA,Auth
BsxvZs,JV6oJ8,Auth
SMyX5Q,3l7HS6,Owner
2LLwf6,NwNDOK,Owner
pTOgrA,XVIyAs,Owner
MIJNTv,B7FXxe,Auth
9RIyv8,gJKBCP,Owner
59PmeM,NCClnA,Auth
TqrF8T,Uc91wh,Owner
I8H8ne,tQu1qk,Owner
HNlBid,VmXW3W,Auth
2KgpkU,yQEBU6,Auth
2Oj0fy,PujBCL,Auth
8fXdE2,9hxVBr,Owner
h9n3ru,Jk95AJ,Auth
6eEoJI,L5Fgbl,Auth
AyVfqN,k8sGEU,Owner
cttBG3,yt9Y2R,Owner
QNTztq,sL0SuW,Auth
JoRzaK,uL7FHU,Auth
Yy15sE,dapw1R,Owner
GiqKdm,S1uMAh,Owner
YQImHs,0WpqgN,Auth
2DrNRb,Ugroh5,Owner
5XCUdO,seSTbR,Auth
zvdMMM,zgKuY1,Owner
GP3EGn,fgUStn,Owner
iDuiGy,ly0clQ,Owner
D0wq2k,mMQY55,Owner
eEMDPA,ARFjRS,Auth
JwkRiA,4jRc3z,Auth
M7mFyx,vadQ16,Auth
pTCLpc,sIGvIj,Auth
JgSX35,Wcodu9,Owner
F9WexQ,ioS0Dp,Owner
EMx2Ye,oKcE7Y,Auth
XweztO,7UnTMv,Owner
fbZcOw,UPVNQp,Owner
CCSE03,ntebwh,Auth
sflsw1,fhYIkT,Owner
Le5NS0,8TFlvr,Auth
tsllzv,stJtn6,Owner
MmmSxL,cvSlcq,Auth
nQ1vIb,KmBPv4,Owner
TNDPdd,PXwqlX,Owner
77nxID,hnuHLX,Auth
xFpSap,11qfoe,Owner
dwBMFS,guC4fh,Auth
A9KWxg,z1mlpO,Owner
oQU7iK,BH9cIm,Owner
pHaym3,R5g5tN,Owner
cE3akB,lR0yQK,Auth
WpE36Z,LmN9cv,Owner
HiiiVh,tpeNEV,Owner
M3LfrF,IBsGVw,Owner
swgaud,tSZoYK,Owner
CnzUl0,BXdoLx,Auth
6FPvLx,rCmfM0,Owner
KwkWJg,XHnGJq,Auth
93tJzg,WUv7Ee,Owner
fu8cQA,1dWow8,Auth
NYXcpd,OL3Irr,Owner
iupsLr,djMplP,Auth
UGVq6C,h8FuwL,Owner
Nv3ldm,ndIqa0,Auth
siod0C,3Nkw2x,Auth
qzMRGj,0MhcjZ,Auth
qWuDpm,YegvdZ,Auth
eD4Q3D,pnpACr,Auth
se7ktx,u3muEG,Auth
dxarIX,UNoOXa,Auth
ZjhAOi,nwctsG,Auth
36ULRg,NXIU4t,Owner
9PJP5q,ZzL2yP,Auth
WmSkoN,9uBmKL,Auth
FvtUvE,R4lQBM,Owner
djwhWx,iZ32yS,Owner
GvOPVf,MFmCp7,Owner
q5TCTl,UZDrU3,Owner
x6y10K,Fgr12r,Auth
je8VKj,Kp8b33,Owner
9ZTvph,sBsTaW,Owner
aAZvuw,JEbYmr,Auth
B6UY9J,RIClKb,Auth
hOkoJQ,oZ0Shh,Auth
uBB2T9,76ksby,Auth
NBQ9Qv,8ERfeL,Owner
lzcgAj,ToYy1E,Owner
HSOIYD,Vujb24,Auth
sfKJqX,qhI1kO,Owner
VIWwyY,ueecJD,Auth
bZzaIb,BIbfQF,Auth
9y8Bgn,Hdhznu,Owner
0G6zP0,j1t4d5,Auth
KwyOA9,MMpqYo,Owner
Jat6SR,vYJjgH,Owner
KMJERg,waEqkp,Owner
kzgycK,HK1Jmh,Auth
dAIb6m,85azv8,Auth
pIIYvv,ev6Z4m,Owner
xvMFSL,9BCyJi,Owner
SgjTXh,S0kQR3,Owner
Kn8Koa,B4Wlsq,Owner
TOoaK7,wnJiMP,Auth
17QvCi,1b1vVW,Owner
b8TGJS,MxiMa2,Owner
uRRCkK,Gka6QZ,Owner
KM04Z7,iHCl2G,Owner
KOcEBB,1a4prR,Owner
Mbfta0,M6OtFG,Owner
yh4YpZ,w3LcBd,Auth
jHlWu5,6x1UJy,Owner
YZy3Sc,DC6jdb,Owner
BR7oiz,DVKRsk,Auth
8io9g7,mLLQ4l,Owner
LEXyqm,RA6cKp,Owner
TTUgC8,2UM1dM,Owner
Js9tZ6,hZIXwb,Auth
abXhrY,iqYBXo,Owner
DIHBoN,qe6Ug7,Auth
SM5Job,R0UKN5,Owner
3Il6kS,sUXOjW,Auth
nmGgif,GtaUDI,Auth
FBnx7p,c2bIeQ,Owner
jh3Gw1,Z3juXv,Owner
lbw4Ah,r8F7xm,Auth
5NllwG,MJQc2m,Owner
CaHeSk,Zs1SI9,Auth
u2pD2b,nsCabY,Auth
V1wiK0,2Sz3oT,Owner
6ekswn,U8tlY8,Owner
sIBcI7,jQjyy0,Auth
c9xcyQ,zV7d5C,Auth
HJsJkW,vikyrO,Auth
NW2Vwm,A3gd8I,Owner
Kkqlrs,kWX9LW,Owner
fNYtCb,oS8746,Auth
CbKgEd,2jYuam,Owner
ONObcE,VFTKq7,Owner
VQ9Vbg,YXhCTO,Auth
vxvqtG,rNTYc1,Owner
92uTZI,JBf4FX,Owner
1otnnv,1uGjIJ,Owner
bj4LGj,ktHpGI,Auth
jZrX00,wOIExd,Owner
oMxqAc,TJ0XBa,Auth
52COMa,M3385l,Auth
1YOj5A,kqnnfh,Owner
Qj1ebB,2jBZys,Auth
yJCE5o,Udi60k,Owner
aQ6y7J,6OGjcN,Owner
ltJpft,f6y163,Auth
IhY72k,PxB6Is,Auth
vNRxYc,0ntGIF,Auth
2B49ai,TGXCBH,Auth
s2uUVj,uTqcXb,Owner
fwjVyv,7pWDxk,Auth
W6dJsM,a9DZ08,Owner
n32g4L,n2AWtC,Auth
MDJcOc,3kvH5y,Owner
VrPnNG,o18tct,Auth
HKnIVt,nIzAwK,Auth
jzcvYi,7RDDi4,Owner
Zld61W,weTrPd,Owner
4cXUB1,C9njYp,Owner
y9kqMv,asz1Dz,Auth
ciht7U,Ok2rPd,Auth
OJo1pA,hs3Iov,Owner
TCrelr,UqMi4x,Auth
FgfB1g,aC2nug,Auth
S6431b,3Tvii5,Owner
05xTVj,jzUTZg,Owner
uTGQMV,PN8rV8,Owner
JXLO64,ItzTma,Auth
PZLLlx,gtFs8s,Auth
H5XamP,V8irKw,Owner
awSWTh,UE8OHY,Auth
kdCXDA,lPkZDT,Auth
2JuoN9,Q35OhW,Auth
MFrMTT,o70nyU,Auth
LaUZv0,aBUchT,Auth
sYrcVg,ifcB0i,Owner
FaNaVn,QmZasf,Auth
wSI74f,6yxA68,Auth
Vhx1q3,gcQumk,Owner
urIfRD,w8E0JA,Auth
htsA6J,u7OAZ1,Auth
1aswN9,5dROME,Auth
MNi8Sq,MJTTMd,Owner
dLtWYb,roVabO,Owner
TeWJ0U,yGhI7N,Owner
iM2dXV,SvByUd,Owner
pFSEnN,A8OCft,Owner
46vnQV,2Aox2p,Auth
2GZkfP,CxJJXV,Auth
3xxEeC,nqSsQU,Owner
i6WnCF,U1aylA,Owner
e0WPv8,FIz16z,Auth
EAyJFx,2NhkX4,Auth
azJGMO,rVGv79,Auth
2GkGSZ,WHebLp,Auth
QKmqcj,u8xY7r,Owner
MhMVr7,IXobq2,Auth
SkyK3y,5aPqMw,Owner
lZoVK2,xRLXLE,Auth
UDeNiE,EKf1vc,Auth
suLKk0,EgKpEX,Owner
5Kq8Tj,4Sr0vg,Owner
3j86xH,NA3ELx,Owner
EPyL3O,ibPRbC,Auth
xEPcmP,EXChcm,Owner
2juZiT,UIsE6k,Auth
T4cocS,xS0kGL,Owner
bMKPya,GlUqRh,Owner
Cl1As3,KNrlEB,Owner
pBlzdt,rzwU7B,Auth
ybZJEp,qJr2Cg,Auth
wsWIf2,EoTfpq,Owner
I50YMs,KOL3BS,Auth
jiBebe,lwGjTP,Owner
5QghZT,8nXCtL,Owner
O47gqO,38jI5P,Owner
Kk6ix6,7dM2fV,Owner
JXxEiA,Nqo1GM,Auth
BS5y0o,f1mj1g,Auth
Iag2cJ,p2v4pU,Auth
oDDWhl,cZgdCD,Owner
SStaKI,Y3IsGp,Owner
vdoEPv,tbZ9iK,Auth
C7YIJB,n679Xk,Auth
I1ByMJ,jpkxJK,Owner
9VHpTR,OWKJdl,Auth
mbBt2X,4MOpZG,Auth
RNjyAU,CEbNgO,Auth
vqhMOA,j1oxdv,Owner
pk9yMz,wMr5FT,Auth
VCaZjB,RebkSf,Auth
R5ymWI,xb79ZP,Owner
sz3mrX,1Tv4Sp,Auth
SMyLa2,yaPmeN,Owner
kleZd0,2gTWUX,Owner
4l0a0F,D3s9pl,Owner
BQmP2M,ZgTi1J,Auth
OfBN8O,MAx2Cl,Owner
S22EL9,W7NFEz,Owner
CdN03V,ELZnOF,Owner
jbbTZG,9Wp814,Owner
P14Vsu,kCp4Ll,Auth
Cg1GdF,5NBP3C,Owner
tmHJQ2,1bWh7t,Auth
L3K4L9,7w11Cf,Auth
FZzoG0,cLYsrG,Auth
1iGtcw,AF2yY0,Owner
Z8zHdE,hNa6ff,Auth
El0OCi,LwFqwO,Auth
PP2oG1,p4U6xl,Auth
BnWYuI,uU1oEJ,Owner
j2uZ6s,iqon2L,Owner
bTFS2h,bkwJmM,Owner
KjAtEG,nVxuia,Owner
o9X89u,bRCbaM,Auth
NvEVwc,29pNRt,Owner
5tfidZ,mjYWez,Auth
Q0aCTq,jOw1DG,Owner
dcdlEq,5V6OUY,Auth
5QMQ92,DHWGKH,Auth
qhn8Sk,mT2Ukn,Auth
854yuL,7kNPvA,Owner
S1ehNe,vmQatA,Owner
34ZqWf,nZbxzW,Auth
4cvwhz,YAOCvM,Owner
J69BYH,zjWuDB,Owner
WDcNBm,dzLoOn,Owner
wI8qrS,BiYETt,Auth
y5EVuP,7vPVBS,Auth
GYvNVQ,MNJKtg,Owner
bMc1Xb,jKkRhs,Auth
R99vnd,qiYhAl,Owner
ZZkjzg,49jpss,Owner
Z1WrFQ,441h8i,Auth
SrCS2P,Q0Q3bq,Auth
DrTA0h,5jZbcl,Owner
QwUR3s,9ED9SK,Auth
Tw6oug,gYCDL4,Auth
4PDtMV,5CA6Ct,Owner
Zv6QqJ,mOqr9s,Owner
0Q2UKR,9N32DH,Auth
fAzKOd,9wm7ml,Owner
sJLWVQ,lRGqVS,Auth
REb7yb,Xs2bqq,Auth
r70fFx,cy6tso,Owner
bD3ica,DwFeIS,Owner
jcdXAe,uxQ1MX,Auth
lIEaXW,DyxQZE,Owner
ICSLyI,BWvwbC,Auth
N47BTQ,KuQMey,Auth
bGKPRa,eU0YD5,Auth
rqI2nY,ZYzZLk,Auth
JPeo9q,HGZjqt,Auth
A9IWoQ,slNC7p,Owner
RehVCw,aHAE19,Auth
GVKvEC,8kdcUr,Owner
ZufmgI,Fo4nRD,Owner
XlUkSE,w9q6Ao,Auth
SSCwVY,kyeyDO,Auth
uxhx5I,7MvUEB,Owner
hePpn1,xZwKy9,Owner
EFG6Pk,NDeTo9,Owner
ajTeYn,SCPztV,Auth
AaOm5k,FGo0Mu,Auth
djhazM,HBzhXl,Auth
LnwThg,fo3wSk,Auth
VTPiu4,GDdQU2,Owner
HXudXd,WCZh3D,Owner
hF5cex,V0yN1Z,Owner
QJOIaT,xoVw89,Auth
lQz6OQ,D0iR9z,Auth
ka9qQv,OuDYdo,Owner
kdmbqb,hC5APY,Auth
POZm2H,cncH6n,Owner
Vd3gm2,XBtID0,Auth
tLX7nK,ozaD87,Owner
FVwyBE,XirlBN,Auth
6Rqe1c,RQVs19,Owner
9Nqmtz,i0PMpD,Owner
VC0Wm7,6jH40X,Auth
K9c1UI,wAT88s,Owner
xirWnk,LWqnnZ,Auth
y4VeIf,cAHrpD,Owner
bdgADG,QGMp2p,Auth
rxr3nx,SnZAma,Auth
L0LoVt,PfKuWf,Auth
Kf3GTM,JQ1nrA,Auth
T7zGuV,4tQ2vs,Owner
FJfhrD,ATWbpr,Owner
tZnkg8,SOg5eY,Auth
sx18HP,Mfx4Wu,Auth
Mm8qaw,t65MQh,Auth
nNqHiq,regXrm,Auth
0itBwa,suk22J,Owner
yeFAyK,eOuWN4,Owner
ZRUw1R,2tZYHA,Auth
hb0cPr,gwd0cK,Auth
z9Kbgo,jay9dT,Auth
BsEqNY,bmmzRL,Auth
e05dee,DqJdpQ,Owner
iGkart,gFvYrg,Owner
W6s1KI,PKAZ55,Auth
16n22m,6V224d,Auth
fVaoxE,n5KwLf,Owner
rmD3RC,xwG0Ja,Owner
q8C3QM,kZYUvl,Owner
Cstqcs,K57OL7,Owner
LsM8Pn,bnM67S,Auth
4rWRcC,vqQmIJ,Owner
H6n1Av,HZ5W51,Owner
nf3Qxj,P8Peg2,Owner
zi8ExL,ivFQvy,Auth
TSXwLB,i2LY6Z,Auth
kuGTMP,ROCl5C,Owner
S9c8E3,87rHei,Auth
6674H7,4R97Qg,Owner
6tKxOO,ohFE4C,Auth
GJuBMB,s8238N,Owner
wseaim,qkvRkx,Auth
SQfc80,t3RLNw,Auth
owL9Mh,f918Fi,Owner
BVKOaG,x97u6E,Auth
6pDXOu,W3z0md,Owner
fK7et9,Lhm0Ce,Auth
mPI9U7,kotiW5,Auth
1gZGz6,U08Mx4,Owner
1lBJaQ,01IIIe,Auth
pwfTWA,nMcdlk,Auth
xsXbYG,iIOW34,Auth
4yFOLP,brqUJ0,Auth
qJ0FO3,acYh4A,Owner
F3grO4,GEjAKb,Owner
yWU4nj,HZwqPE,Owner
Na8Sm7,oOOAqt,Owner
7xF4hH,actHyJ,Auth
uEKHPK,EzYCJ1,Owner
Q24G8G,wAAtnS,Auth
IHL8yR,bxZJNN,Owner
6aEIOJ,5d52Mu,Auth
EZRT33,TcGZM1,Owner
rMVNHD,5IBbkD,Owner
sDcR2g,lAobXp,Auth
5Mcf0H,ohhA8E,Auth
BTKtIN,CiEwnd,Owner
VM7YGY,8yb7SE,Owner
L1n18s,jUWs3s,Auth
LOsiO4,yLy2Xz,Owner
1O5T7i,WfwYUg,Owner
XKPPLw,Np4Hdz,Owner
r5asjM,El3UPd,Auth
5dJrYr,bMQneD,Owner
bNOGL7,NPcyRJ,Owner
ZFfNtI,pJ9urm,Owner
JixhrN,U9ypRd,Owner
dhPNR1,nIrdH9,Owner
zEUWp6,07xzN2,Owner
fLzUoO,eS4B1o,Owner
qPaEzP,0PEGPA,Auth
qlE5AE,qBuPnm,Auth
Bgzkxy,vuAgf1,Owner
dXL08g,G17mg1,Owner
rWm0NV,eMCMLZ,Owner
8lBvDw,UXlN2O,Owner
K1zS4j,WWHvA7,Owner
s4Uv0B,ar7PsI,Owner
XHeASL,aKWuaK,Auth
LOLuhe,EEk65f,Auth
yhzy4A,r6JGqy,Auth
hyjASp,dZZG2M,Auth
FaitT6,x6hxYt,Owner
3uSq3h,m2Jyph,Owner
eYlaPk,jQK5on,Auth
Rtb5ke,kirCTU,Owner
6GwAcl,qyByUK,Owner
CpZEQN,ERNKtp,Owner
Brf5T9,GalHvj,Auth
NeGZeq,F5vF0t,Auth
kGrYwK,bgyPHT,Auth
xJ2vVp,h5LxFN,Auth
iFT8b6,5VhshY,Owner
MRkExo,fuLqya,Auth
57rWFO,HlMw9K,Auth
793SYO,NSLeWP,Owner
cK0DLq,00SBGZ,Auth
8SAo8r,xmfUr9,Owner
NLupM1,BvS0Dm,Auth
Z2V0DO,bLxjtU,Owner
Y1Nrrr,sVX9Tb,Owner
2s8xlM,a6z4IP,Auth
IjYGRi,nY6gx2,Owner
j0KOv0,reOLg4,Owner
jy8UJS,GltrrF,Owner
SItA5w,IwGuh2,Owner
XuNNz6,RN84nC,Auth
TAN7Dq,Lekvqp,Auth
anNiGg,6yAExC,Auth
iCkZj8,Y7cJFc,Auth
bL4Xij,fs8qKo,Auth
Snm1TN,6kWiYH,Auth
bJVfq6,sPKyUO,Auth
csTfMS,eumASY,Owner
9tYMug,TP2bNM,Auth
yr9KGd,hYOX3F,Owner
6qpEu0,weC5qi,Owner
AUMsl5,eIz1Wc,Auth
PSIWrl,LVCikc,Auth
Taobfx,lJh9Tu,Auth
jIh5OY,er97RG,Auth
7Ichq2,jeS1nF,Auth
YXSUmF,Op3aFK,Auth
7N7RLi,yRPy7i,Auth
0wz9wL,SdoyEv,Owner
hNyscT,IpAOIK,Auth
vVv3UZ,eIlhcP,Auth
rIVfp5,3E7Yvt,Auth
PE7hGd,mpMJWQ,Auth
xdSHZ1,2mLeHV,Auth
cm2iOx,GTZwVl,Owner
UeeX6L,3Jo7la,Auth
7IH94Q,MZ3PC2,Owner
8EDQN7,cG02zn,Owner
c19ocv,F7Vu0o,Owner
tyjYFl,jqOvd5,Owner
7ERYZt,Anozuq,Auth
rYNctx,51NKQe,Auth
spMpri,HCGRGI,Auth
3iAIBY,4wklLY,Owner
5ZoxwL,1YaDWB,Owner
3GHMBC,FPVwAK,Auth
UgWWCA,oI27qV,Auth
PGs22F,vYzUeN,Auth
LDLLcs,LLIEY5,Owner
i4zXOR,xIu1oE,Auth
VFokVu,6Dq5MB,Auth
kLJIqx,28Clgj,Owner
reBK9W,JDsSTr,Owner
hMwVWZ,tKl1Gd,Owner
aQmnGl,PEAC3A,Owner
7fchSv,MiTTql,Auth
sGnbbH,pOw5rr,Auth
4HAmIq,CDdLHo,Owner
lcpdPL,4jftOk,Auth
bTms5F,7u68Xi,Auth
hrf37Y,YlqPMY,Owner
kkKfVA,H8jWuX,Auth
yAS0F3,TwAneE,Auth
armSoq,yyAGzJ,Owner
Xtt88q,mJ0vNc,Auth
fe4xAB,a1UcR2,Auth
zMTMq8,pUok3b,Owner
iB2PHN,NxzSgp,Owner
lI4nDz,wQ0kQQ,Auth
fBRs6p,JBks1q,Auth
2gdvQh,dlvj4m,Auth
r9heNF,6eCv11,Owner
JKVurf,1tBGVR,Owner
Xp3Iq5,M3N9LX,Owner
l6xcnI,8fAlrL,Owner
FJrg40,M418Fy,Auth
koBM2W,HGHOJX,Owner
osGGZ3,yejBxP,Auth
2uST9I,BNQxX7,Owner
9RmvrB,F43H53,Auth
NCR9yQ,tKEUVo,Auth
ywGWct,UJy14h,Owner
Bp8WG6,gX8TMt,Owner
0roecS,QdQKXM,Auth
wmfLRM,gUIZKv,Owner
T8NhZu,KL3p5k,Auth
iVG0IB,uVESRM,Auth
ln3zga,OyWUmt,Owner
vRUjvs,QPkdsm,Auth
aSm8Yn,ccjHdD,Owner
CnOJJ2,53D9sF,Auth
GXRpTi,MWpBhM,Owner
ypTvif,93QHCq,Auth
g9SyI2,3eytNb,Owner
xxR43N,P1doPW,Auth
qAKsqo,6vbiVb,Auth
AO285a,GdL84h,Owner
eCegdE,nlgaOc,Owner
87Mjir,vily47,Auth
RlND5F,NL5f7Y,Owner
PS2ktP,sJ9b7H,Auth
nvQ2UA,hLnJ8m,Auth
gIBfnn,mqmq2y,Owner
Elt4ah,r373RP,Auth
KbLS6S,kmZsr7,Owner
2WG4pb,xTPOAz,Auth
JpJWxr,xLu8BD,Owner
miHcEe,AortS1,Auth
eJtAus,2XohKB,Auth
kejxTN,ILAQr7,Owner
VzgaKh,tyen8a,Owner
f3SAiC,wD9SGd,Auth
v5hCw0,b5se7n,Auth
oJo8Am,u33JNj,Owner
ig4DYA,XLt2ox,Auth
xXImNl,jv38el,Owner
PtUN8e,s3oKpu,Owner
fiYmhT,TbzkZa,Owner
4sT1XV,XX4rHA,Owner
j2yDGB,E2rAmd,Auth
mnOeSh,90TywU,Auth
sD3Rf4,3e14iS,Owner
X7tr9P,iI5TZu,Auth
k4ojJ8,410QOp,Auth
rifolR,dyOqlp,Owner
e2SZ3A,tQEPhz,Auth
2jmwc9,iQeyOz,Owner
ag3BWr,XyUYNS,Owner
hFPkm7,QIOjqi,Auth
NtND57,yG6T2V,Owner
Jvwbpz,5XazzD,Auth
u2zseW,OZZMJn,Auth
Rm0RXT,lFfyDQ,Owner
utCah6,1k0UQ4,Owner
or1DcB,3hqnXD,Auth
NnmJEm,IeH3bt,Auth
EmxV4y,Zoq8Wm,Auth
fqpKw5,nZaAQd,Auth
9D2m77,jZHXlr,Owner
P92E2e,4vWAJR,Auth
fkK9d6,o5hOsr,Auth
PLGY5v,JkW46b,Owner
WxTF75,o5za22,Auth
SPgNnU,P4C924,Auth
QabPmO,tGnK0T,Auth
G0uNVq,Qa6QjP,Auth
vgpSXZ,1G1sdk,Owner
MzvWG7,Ljpuie,Auth
1fCR4l,l9iBeZ,Auth
q9ZyTC,Y1C6jv,Owner
bseRWO,7VtXCV,Owner
25g0mG,VUfTm2,Owner
pTJBaw,Sln9XL,Owner
GjeE5E,VsHZ1o,Owner
GVIGXE,ysZpI7,Owner
zCg7iq,ME58L2,Owner
Tjxl1t,3dOt2n,Owner
SXWq7D,SxfFQN,Auth
fuYPdg,vfwsLX,Owner
ZfYoBj,skw3Sb,Owner
2bQ4vb,FanngW,Owner
s30FMR,IB6EZ7,Owner
V4aJfe,wMRPxv,Owner
AFe8Be,kf48tY,Owner
QbuTGg,vrywaH,Owner
8OFuFv,0xQxys,Auth
Ehf4Ms,4ggpKD,Auth
qszCjV,mpdrnU,Auth
CQJe3I,9XUoo2,Owner
VzV88J,1EPqNy,Owner
X0kGY5,v6p4KW,Auth
GvczE8,XplsP7,Owner
Jm2yR8,i9JSEE,Auth
CD5wv3,AXDAOC,Auth
tknzKr,sCmSMN,Auth
FyYSmZ,M9DBfU,Owner
qlRtbb,wDwP3X,Auth
EEnijO,GfwggQ,Owner
QTUlIK,Xr2ymn,Auth
J3z2zZ,1I0rMX,Auth
apXW3w,8FRWwR,Auth
n10obj,e0dRxE,Auth
vpidc6,Xs6xHY,Auth
6wmnlW,i0kEE0,Owner
dCEuAC,fRVtVH,Auth
Acx4ch,LtJTvd,Auth
9jXmm2,oxBbtC,Auth
p2nBnr,hDEWL8,Owner
9VaPOO,9vOGzZ,Owner
kNNFvj,ypLCyM,Owner
mULLTM,G13qHR,Owner
wmrDNW,FmwXCJ,Owner
4lpGkZ,8zhX5Y,Owner
zAk2Ud,BGbYs5,Owner
Y01uG4,8fxP1o,Owner
gSxS2F,M0bIrW,Auth
0M0Z1c,Pleozs,Auth
cxcdfP,Wk0Mzs,Owner
Rn284Q,ra5sRf,Owner
PkLKao,moQH8P,Owner
yKlUhT,IGZe4P,Auth
uhx2kj,9O8BBq,Auth
EEHcgi,VWS63n,Owner
GqtfTb,5T2b3A,Owner
nAEJ71,nRBosI,Owner
lKndHu,KkMsng,Owner
FgSeMd,9sghvW,Owner
ChBG2X,AqpYV0,Auth
E0YJJm,tcNwSl,Auth
MmDqaL,TP7Fu3,Owner
ovv5al,k2Gtn9,Auth
42pqFG,PtWIOC,Auth
F1YSSi,1m8riH,Auth
vjpg5B,M3sRwg,Auth
vr9Z2H,W97uak,Auth
dKPxTK,fLOLay,Auth
XgaleZ,1Ihmj8,Owner
Xmb0ga,JIbQlz,Owner
0CAvXn,2XQWfr,Auth
jinVj1,Q8YAGC,Owner
QqduxB,qoH6Ry,Owner
ArvpAY,4aTc38,Owner
WMF5dP,91mdZt,Owner
UCH2fG,wKoqYk,Auth
kFR5KT,dPaExb,Owner
AGXkFx,CU8ZM9,Auth
FQbhak,eUZ2W5,Auth
koiYZ3,JI4kfe,Owner
Vdx3EN,E2Qvgw,Owner
jq2Yvr,kqHILl,Auth
IrkWDe,948F17,Auth
fUk4R3,W1xEhG,Owner
QPBjPC,hbh1W4,Auth
pO9BXS,k4Dvuu,Owner
UbG3VE,ENTy2a,Owner
w7qNgQ,SIHe4K,Auth
r7LybA,v56V1s,Auth
rxxjk5,PU35tk,Auth
oICXsi,B2misI,Auth
hFhEK1,RlxIIK,Auth
WCGenv,VOWSlb,Owner
H5WuGT,qbmwec,Auth
fSOn6g,lvhpaX,Auth
I8TDuL,Ukwvjf,Auth
HMIdMm,Bo70cX,Owner
mKTHm4,Q44vX3,Auth
jvxkMo,fS53am,Auth
dTMIm4,jFohUF,Owner
N9M5dE,4AbxVw,Auth
oEeS2F,6T7Lej,Auth
kJlNhZ,C0xzQZ,Auth
vBIWDv,TeLV7l,Auth
Fw8zAz,nNUbz8,Owner
YYh1EG,fRyaf1,Auth
NzdnUy,ChX9eW,Auth
yGVaAn,fS4rnr,Auth
3aRDAo,brlr2A,Auth
AlwjVg,IaxKcy,Auth
a8Kfsq,EFtcQJ,Auth
oO1PoY,hZ2OyC,Owner
2zQBfn,4Qefcj,Owner
htmvfT,L5qn1w,Auth
26Y0c9,PhYY2t,Auth
MfUSyX,yDUfht,Auth
ScoqXP,4xAI3A,Auth
bAtJ56,DXeRrL,Auth
9S7guZ,SYLCxG,Owner
fI25Ro,68WCaC,Owner
PXPBmP,tUDRWN,Auth
0LtAPJ,EH55mv,Owner
03oX1J,cdBpWy,Auth
2OxJX2,CT4Ozc,Owner
eMQ7rj,U1EzVw,Auth
r0uxrN,9lSGHK,Owner
1NLY3X,MUQBQp,Auth
ztTX58,CfdLGn,Auth
PM4pmo,qWFuTK,Auth
grLvEs,hEitGz,Owner
jOaX7y,g4hT1H,Auth
ow635z,1B00vV,Owner
GjCkV7,veBRHN,Owner
q3xTXz,SxrFsL,Auth
6ri4ZT,bxPAhC,Auth
eOCUm9,dxzDDo,Owner
2udGYA,gATAQJ,Auth
a4kQjx,lK9Ew6,Owner
8OD0Ty,eWRy8d,Auth
Tnw8Ow,54pRdY,Auth
s2hFWy,guE88c,Owner
XipTWt,4N3NBA,Auth
d2xgpK,7QZbFS,Owner
l6q5Ey,FtDee4,Owner
ZioUYD,JB4NtG,Owner
80Hkk4,3NmZRx,Auth
2JF3bq,qAEae6,Auth
kV7bGS,Kdgti0,Owner
xOysYt,mYNn1n,Owner
WQoEW3,9f2yVT,Auth
ut2DeG,Ui38vk,Owner
Wkm0Hx,hfTKUf,Owner
tVjAoH,fcloKV,Owner
fdEu0k,PoWlxe,Owner
KjrVsb,vuP49Z,Owner
SBNNly,w7dFH4,Owner
WHcL99,tyyHjS,Auth
K7FhMY,po4rSq,Auth
eQ3dLP,OeP1da,Auth
0iKtZi,wMUzmm,Owner
OGPR2h,XLY1LW,Owner
iLwlXg,LZXJ5A,Owner
Hnlwji,JZ18Wt,Owner
qDEhWi,ebJxQs,Owner
mRPNgD,Joq3hx,Auth
CH3wLO,7V8pXL,Owner
trwU4h,2kl1pP,Auth
R6dwj5,2hTrzJ,Auth
l2ypsP,Wafd54,Owner
tXNO4R,Nk84ZO,Auth
vmSRqd,vjl6AS,Auth
O3brLK,7BZVcT,Auth
U49RRb,YDorFz,Auth
ctaXQr,ZpZcbm,Owner
v67QG1,2JWu5P,Auth
MagSEP,hX6CQa,Auth
eBtjpq,eDCoST,Auth
SncYRm,ah1TOI,Owner
Jb6dEY,53lNUj,Owner
wjT9Vt,8NZM23,Auth
QZzty3,1TWd5r,Auth
Iy8ZoI,KdRhtt,Auth
4ir48E,cPyJot,Auth
AQKaUV,tLQv1T,Auth
VjKpXC,8bmOvW,Auth
9aOdBz,OdxLJ2,Owner
EIZYaf,smaIed,Owner
drFdUK,yEopcI,Owner
9aXjrQ,b6ci6e,Owner
4o7bcd,B482cv,Owner
o6ISmp,ZZpIxo,Auth
t3ohgO,esq7O0,Auth
qhTaIM,hT5hLg,Auth
O8f0U0,yKF8pj,Auth
MpDwxv,xQidNY,Owner
dbJg53,qrCJgh,Owner
1N5mYP,pkgG5B,Auth
o4Wo7B,HPfjJl,Auth
CjQie8,pZNocq,Auth
SC5Yl0,hvJJ92,Owner
GFA4G3,pk3T93,Auth
UHapc3,sRU1LS,Owner
t03PkO,3PCVpz,Owner
9U9xzK,PFvhs1,Owner
RTFvsl,f2Vi3h,Owner
npk8E6,mskFhO,Auth
FwBhHa,5Sc0O2,Auth
KdhU92,f7Unr1,Owner
zLds0G,1O50Vp,Auth
IjqK6X,dAws2C,Owner
6eYJMM,YKUlqw,Auth
pQbvSZ,8XT9l5,Owner
XKh6cS,Xi8i72,Auth
gZEaQh,rZMN5v,Auth
ar9SWA,6tZwVf,Owner
KshHeJ,0hu1qG,Auth
Vncr83,6qZ4RB,Auth
pzjxc9,vAZwjl,Auth
oltG0K,QjArAQ,Auth
aOW7eu,zOzrQH,Auth
3KpcXH,27yybO,Auth
qfh1cC,fdjX96,Owner
ktVcyB,gdMvcd,Auth
QwMlaX,0RG4sr,Owner
UXuDGY,1gXrrc,Owner
SHX4fQ,KtZdAx,Auth
U59sfI,2u4IiL,Owner
ePNpAD,G84qA6,Auth
t2yExJ,pf3SqJ,Owner
xMGqFC,3PuYdm,Owner
4YcVJz,FxuYvM,Auth
2240lD,A7LNDY,Auth
bN02ob,Qy6S2V,Owner
5li93B,1YgCaL,Owner
gtZtYY,KeDrRY,Auth
u1d5Le,SiWSSP,Owner
a83PJo,uIxzSZ,Owner
Q95BIW,O5ymoM,Auth
Ss8wLP,mZ6sC6,Auth
DiVHIR,QvhCWW,Auth
la5TeD,luSvHo,Auth
Moa1o6,qEer67,Auth
I14UnQ,xPCOOk,Auth
Dqi9mg,7MfDQ9,Owner
6ir70O,ZPlUTs,Owner
o1jKRC,vrWh5I,Auth
luNyOV,Ydv3m3,Auth
NWcHno,guMVWJ,Owner
MBy6ou,jh6nG7,Auth
L8lCWf,fdPeQH,Owner
aZAGVp,AiEoIS,Owner
tCKZZ9,bVu1FI,Owner
pkOqnb,4BpGWJ,Auth
pAPbNB,20yN9n,Owner
BBZQJd,JupEeo,Auth
kyEfZ0,RGzXl8,Auth
zMBReC,Ohxn4x,Auth
XYVaBS,wURXnJ,Owner
M9ih5F,YgJnw4,Owner
EoZ6wd,SjBc2x,Auth
Rv2ZPC,X6ArKM,Owner
pV9wr7,4EJ3C3,Owner
eBfROI,3Cf2oQ,Owner
ZRszl5,K7MdiH,Owner
0kYDY8,yxmZr8,Auth
ENLbRe,gqSDji,Auth
zlVDTO,2CG6Ze,Auth
VNQYWd,qu076B,Owner
CXznbU,YXf4Yr,Owner
RSC1mL,VGjDDZ,Owner
YthQf9,sN5bkk,Owner
b1PC6i,DKkRcE,Owner
shlg6G,PTTPX8,Owner
hp4OZv,M9gLVS,Auth
j2gPUS,nEnEPK,Owner
duwRLk,2RDipI,Owner
qMANmR,mbgNCW,Auth
Qw3Fz4,Lg4aYF,Owner
D3ZZ5C,Vz4oQh,Owner
UTkiCR,sjRA8U,Auth
QCwol1,jeqg3j,Owner
Y2d0qN,IxrEC3,Auth
0LIhL3,oYkYL6,Owner
AbYgt7,uyX8qb,Auth
MvcoBc,S7BydQ,Auth
27DNif,6GgoS7,Auth
zC5ARM,TeHC9e,Owner
qoYgW4,oGtn6L,Auth
4a1HdU,Gl5P8E,Owner
JcHgYX,UQhzpY,Owner
vbbaZs,lqlZOw,Auth
n7eR77,gl1MPp,Auth
bZmxDo,L0NJZj,Auth
Wbzk4w,YPJlga,Owner
wFsqw5,msU0oD,Auth
d41sjV,6SoMYv,Owner
MGXAHd,c95H0L,Owner
XXK4g9,dRhvke,Owner
7NdA4U,Ibt4yD,Auth
wEKzkN,TMr9se,Auth
wtL2wj,FxzSFa,Owner
q0GVeZ,c7GWL4,Owner
SHxo1w,Vokejc,Owner
BgodFZ,Fj9Yyt,Auth
92AxN0,UXsh1v,Auth
9zAR49,YhupIQ,Auth
vVfA5E,MM2KFt,Owner
oJ7Jqf,v9p7TE,Owner
gtH5F2,tVeRlH,Auth
pAlW7x,nwoSNc,Owner
7ou3ko,spmDxO,Auth
mRf3Pa,XEWasf,Owner
lLvg8V,Y4JBkv,Auth
HtdQku,juZzYp,Auth
jg7L96,Inid0p,Auth
ZXqvRh,6PIRUJ,Auth
PwPfat,JmRV9V,Owner
Sr2vCw,HDcSuJ,Auth
bwJ183,kJYkKx,Owner
l8b4hb,T8heN9,Auth
dXhYBO,zeeK1v,Auth
93cNap,hpqj8c,Owner
UMqRY1,6AB7rJ,Owner
BIbeEY,zbVqlK,Auth
YpLUC0,o2dATe,Auth
M9ye6B,erZfkT,Auth
n6nGaA,h7fDK7,Owner
Z5ML2i,vhDKu1,Owner
NzJebe,pgzxja,Owner
cVJorv,9vUyOU,Auth
HMkWJy,Rvo5n1,Owner
VK9Dq6,mLuBOO,Auth
V8pcCq,qas0Vh,Owner
tkZjfR,3Ueiou,Owner
HNEkTS,3Cd9bh,Auth
NT9roz,oxJT6B,Auth
iPZrxu,Y0FlpG,Owner
wCyOGT,dA5T1E,Auth
uLSMKy,xbk3sW,Owner
4klhCO,6ICHfc,Auth
k2LUJc,Kycw7q,Owner
TAbGXh,SvG098,Auth
350Cn3,Ck9NW2,Owner
gpdEak,vTjMax,Owner
9dSoQC,QYkeic,Owner
QbIUut,sMNVRX,Auth
SaD0IW,A51BBm,Auth
lD9n2T,dIrTQz,Auth
8b8tYV,sGAZh4,Owner
Doy6D4,V1Ngvb,Auth
5VKKJt,s5o5EU,Auth
3LlnMv,BaaCTf,Auth
nOOagF,091j61,Owner
RZwLLm,KTRVSL,Auth
yZ4O9U,riPR33,Auth
4N0Vsy,iiqKLP,Owner
AgV6DW,N08OMJ,Auth
VwIyfW,gEJobl,Owner
7uiWtH,I6vXbe,Auth
ZtPdaf,e5boaX,Auth
ynt6z5,WlJpGG,Auth
Cj0Kaw,QOPUWL,Owner
BLxOoa,8o7B6H,Owner
ZYzXov,2LHaFq,Owner
rDHTi1,fD29Wi,Owner
6uLvSv,ngG1QM,Owner
Fde6QF,HNr9sW,Auth
Ant2kS,KuMPLT,Auth
BlKhAh,SR6AIY,Auth
H1BUeY,6OBqFn,Auth
eXwW56,sh82oq,Auth
egFAEL,mk7s26,Auth
FaKB1W,Zj4FPp,Auth
osWDax,WhOgtP,Owner
bRrRIK,iPuuHa,Auth
9j9z7a,wsBgTZ,Owner
WO3UWB,iW5Opq,Auth
llAfwY,9UtQRw,Owner
FT4zOk,VEXMIP,Auth
5oKrnW,wZ6giT,Auth
mNAClj,YGzmaW,Owner
pT3oPs,7eWKgK,Owner
PyeZbM,bdkewD,Owner
XcunBG,jvimpv,Owner
xuRCJI,TuId7r,Auth
0q9y7c,TgbgTz,Owner
LFZ1jT,M42ZzV,Owner
AB2wxF,x2qcBY,Owner
Tg4IjV,VmHZSi,Owner
wKBX6X,TET3K7,Auth
mv99dn,Tg3pvg,Owner
6piRJK,PEvAwv,Owner
aSL9V3,Mrst1g,Auth
39OyID,RCH5LS,Owner
PMiRpd,ZUlmax,Owner
sOFuhm,pqq9N8,Owner
gIBlrx,6pvtjv,Auth
0lDR3z,P13Cd2,Auth
XYOqiZ,35sehX,Owner
Jl9Qce,eY7jCO,Auth
PkipCs,qYK7xA,Owner
IYbFXA,keEWTK,Owner
lf7doZ,vfkhX7,Auth
Nu9NuJ,ZtLMBP,Auth
I9NTTK,zhWq4J,Owner
w5wHgy,Hteadd,Owner
EHpsM1,qUaFIy,Owner
AH8ERE,Fym9Is,Auth
coBiaf,3veBSo,Owner
TlWRbP,3VaDa5,Auth
u3afWP,GmZQvw,Auth
pP4zep,IcEZuN,Auth
lMgfhZ,r9eCgA,Owner
ERpbwG,PtENvK,Owner
82rt0C,YBu76B,Owner
XdfSg4,uL9PRY,Owner
3Z8JYh,Wxkpdp,Auth
AXKtWB,JpWYsE,Auth
Sq35Cw,UQZU0Z,Owner
rjRQF6,aEKuQM,Owner
KHarUE,0RUYQk,Auth
EmbIje,5C3MMv,Owner
lflKQm,P1b5Q8,Owner
dN6JvU,GNFNrW,Auth
XF9ZII,MAF8Ht,Auth
ebv8yz,zDt6pf,Owner
BQJJNR,FvhxVu,Owner
ylTm2O,ejcla0,Auth
kvMqlf,rFXSLi,Auth
F4UYyq,v2nMhK,Auth
MRBrDY,3ulJsz,Auth
7AfinL,gQamUo,Owner
mjNDQ2,z2i4Ig,Owner
2jYo1G,QXMCMR,Owner
geBNdV,WxWiuc,Owner
y5ninP,JUhdJs,Auth
S3APqX,ofW9WB,Auth
iBOmcj,2GxRyb,Auth
bdvWyZ,0wuoVp,Auth
J0VLvp,uNCOQR,Owner
lQZ1c8,Q249fE,Owner
NX2Pmk,bTsfdn,Auth
y3IXJa,tRbu4V,Auth
6QZYtB,ZdwZJ7,Auth
DJPequ,KbWDw6,Owner
HDzGPw,hqsYOR,Auth
8fBbkf,heuC0d,Owner
JUmthq,RPA0Og,Owner
9Yrtbp,KuY6pI,Owner
B81zCH,KRsJ6s,Owner
jOIrVL,esEQwB,Owner
3iNaWw,zIReEB,Auth
fOsAfY,y8BO9o,Owner
CqaLwb,YwIp5L,Auth
dPW84E,toxtwI,Auth
F0HtlA,ndFXM0,Auth
7m3nwX,F1o4Wl,Auth
8hwabg,lQUQrW,Owner
UHXTf7,lZU7m3,Owner
NABFqm,U6uIpp,Auth
vLtrRT,qqEMJU,Auth
8IgG2V,JTUhlC,Owner
T1fxnh,56hLJf,Auth
zQSBJv,ztZimK,Owner
DKERDr,bBxSPy,Owner
RnkFkR,8SJZQd,Auth
BeHeKz,kFbhCX,Owner
v15zX1,d6gPbl,Owner
hjrmxD,J4BJN7,Owner
YOucBR,kq1OER,Auth
CJ4ZOv,jRZnBB,Owner
EneCTZ,7HDgiw,Auth
slG1ZP,mXu2ih,Owner
neMBEu,ViYlos,Owner
6vB7nO,5XHC50,Owner
nXFsjD,OTFC6a,Owner
3aoasy,6RHSKP,Auth
vPQ7WP,XsXSbW,Owner
dYvLNp,VxGRVH,Owner
DkEObZ,0F5TII,Auth
ovDqws,VtvR3I,Owner
A6rLYp,uBI62l,Owner
htwtyo,Mju7bt,Owner
gz5z63,gWS8if,Owner
RDgTGe,ZEf1eB,Auth
XGX6qh,jA9XK8,Auth
2kEul2,jKjXH6,Owner
bkiEUf,eNXLwC,Owner
TRQvPM,ERPg1E,Owner
H5pd4H,075IFP,Owner
22OMWD,0BaYVJ,Auth
V33elJ,9lBlU8,Auth
PB73sO,vr8Y9W,Auth
xJAcOe,VS7wwj,Auth
zsju85,rPwE9D,Auth
BYjWna,MvwGm8,Auth
rAeLQr,0XXqLN,Auth
IBWnRn,jqYlJI,Owner
aEpNJi,39E0Hp,Auth
XBv75p,KKPn0X,Auth
SHN50b,pFDkNr,Auth
wx0pvs,CGBOsq,Owner
4Bh8Wf,krQD2b,Owner
s8VCIL,7G5Djv,Owner
VLxsT5,4v2cAw,Owner
5NmX9q,Ud8jMo,Owner
LB9von,oOISdg,Owner
IXS5LL,7u0ocI,Owner
YFdysl,7ZEoGZ,Owner
ykoegA,B2EAlD,Auth
G57shZ,9KnjUO,Owner
TdDm4H,LRdlHa,Auth
LkK7yW,CvAGN0,Auth
GKkP0d,k2DClM,Auth
0Gs1DT,fPUPQP,Auth
clkJTp,JHHsJj,Auth
G6J8cG,Ar8L8M,Auth
QTty5b,CKAFPz,Owner
HxdiTA,W4eZbH,Owner
XTcZpp,CDKPgr,Owner
tqOoTz,Ht6PKw,Owner
wNdZ1B,qUhAT6,Auth
gcRwLP,M1yxnt,Auth
PnK8wI,NBwpni,Owner
aOgwTG,4QMpA7,Owner
k9zlqK,u2EDeY,Owner
hAkTct,01xUlx,Owner
Wpche1,PlccvT,Auth
Yis6xX,U0DPQ7,Owner
j3SalH,RVjMet,Owner
LHBUap,jbv8DS,Auth
xhYyqs,YR4G7Y,Owner
LOHc0q,kD2quG,Auth
kOWyWk,1dnc7E,Owner
Cp8z2V,YbMeGC,Auth
fc0Vgb,Lm5NHa,Auth
mxJBK4,6NykKD,Auth
dH3ssV,0uVebb,Auth
zJp0eH,KDTjs8,Owner
ICT6nr,6eINBZ,Auth
M2Yg7t,8t50HW,Owner
HQ5axF,coRLD2,Auth
1oG9If,UiKzLw,Owner
oYbQfW,9fSp0y,Auth
GKxuaP,9HVWUN,Owner
Y3xlJa,LDAgiQ,Auth
Y0002W,dsYGv4,Owner
Yl1kXH,ezxaLI,Auth
SlfeWc,wOSfyR,Owner
yxtxPm,Dzruun,Owner
KGfw8O,O72zqe,Owner
fxM5DN,TGFWS9,Owner
yWLjKz,4c6Q1m,Auth
I0QjLg,8uVypw,Auth
aFXnzK,zhJfsG,Owner
6E4gHU,Lol3In,Auth
PWdFKv,SxGM46,Auth
XXgRMx,rCibkb,Owner
46COQT,p4v2cU,Auth
cKd0PE,kRD0B0,Owner
V0Ms4R,E42eW7,Owner
wYKy7M,7Uq1VW,Owner
0PpYJN,y0YT1r,Owner
h6isId,t6Ds35,Auth
jY0seR,cyaxSU,Owner
i2LaVB,4kHsVC,Auth
uWWVk2,j9q7oR,Owner
Ils1Wi,n7TmLw,Auth
AugBrG,qUrlpA,Auth
xe5FXp,s1DW53,Auth
D80uMj,OzkTtQ,Owner
1Q3Ck4,8dnZ2a,Auth
FuliFg,EtAOEU,Auth
LI4q4j,ABwweU,Auth
NvbbWg,Iy4Icx,Owner
fjpnH1,7kINqo,Owner
BoPP2k,3tg4ab,Owner
6Mj1a5,zXZhUA,Owner
kVgHxT,DzlD17,Auth
PSKjZa,BEK19d,Owner
8efvgh,AAoWUf,Owner
JZRAG8,4PKUT1,Auth
yrw8mx,EdS185,Auth
edigfX,sKZuS6,Owner
0c5wd1,27CsX4,Auth
nvnmoS,z2niWm,Auth
hNDGZR,iuGr9N,Auth
Lcso80,pjbs2B,Auth
jBuNoN,f7d5wb,Auth
g5ed6u,kJDMPi,Auth
rQyPId,feYbHM,Auth
Dn7Yg2,MqSUfd,Auth
7FpxXD,dEXCuZ,Owner
mG12hW,zTpH8v,Auth
unYpgi,CUzGUR,Owner
TljMWe,1OvLuq,Owner
fx7COc,DGTHy0,Owner
m43v1s,X2OhfT,Owner
3bCWFh,DymCG0,Owner
ReNb1A,lgKin4,Auth
8s5SDT,sRZ079,Auth
Skyejc,YnklLX,Owner
Nt2eFE,H0cRlu,Owner
Qt71BR,XkV9Eq,Owner
kg6X1G,1t2xOf,Owner
jjGo6F,Z3rO5S,Auth
iiPuWW,WNh5kh,Owner
dMLSLw,H1HBYL,Owner
l9Nx8u,wO7wq2,Auth
5hwhq2,i8ARlc,Auth
zt85B7,Gv9vQC,Auth
9Ihsvd,FuD1Tm,Owner
f01jtj,x24CUy,Owner
o97NO0,1HDuoJ,Owner
HcleY2,1AKb4V,Auth
Hqze0U,uqwfXR,Auth
DLqVLb,vAXvhW,Owner
XbQdAi,aHuHs7,Owner
hiLHZh,0nUcDX,Owner
Zg0diQ,gXUw4H,Owner
P2eKww,MSd2AN,Owner
Hlb9va,KdtAtT,Owner
OnpaXV,T6QtxA,Owner
EqM9et,GAhNes,Auth
77B05D,XuaBcp,Auth
ELlT1a,fSGOjh,Owner
99sWO4,SR5kK5,Auth
eu2jAK,dwFV3v,Owner
IOupZh,J805G7,Owner
yD7YsA,XfCaFm,Owner
4joyl9,U5YV30,Auth
Gz6XH7,nUHRDN,Auth
K6ruPr,9fNDqn,Owner
dF18yL,e0lKEx,Owner
KaQQtq,tBaoYT,Owner
agpWYz,2MadA0,Auth
XRgIG4,GvJmnl,Auth
dz6W2T,skTkwH,Auth
33w638,rTla9N,Owner
4Rrxan,EGa8Q9,Auth
Kc16WV,nuiBUe,Owner
B7Pn1P,AorvrP,Auth
2KWyjc,JPWNHK,Owner
yiR2bd,rF88S4,Auth
q3FxGu,a9C7jf,Owner
HTkWAs,jaoI0j,Auth
mLJ8dW,rOeWs6,Auth
mMWmCV,hIFpKA,Auth
czu1m9,WOXL9K,Owner
zu5Aj8,Cuf0qy,Auth
3mmyj2,g22kgq,Auth
kO2KOQ,QcEzlH,Auth
pVJQoe,AveUA4,Owner
dOvHog,Tq1jxV,Owner
djCt5o,qfsZEe,Auth
zaOKph,6TsD2N,Owner
KA0H6K,B96G6I,Owner
BtlfAO,RJXLW2,Auth
Yogbm4,deinkS,Owner
TDgd87,mGVYQe,Owner
DU5yT4,Ql6wfC,Owner
uJHo3Z,l3d7Ja,Auth
PfNxni,IcVTcz,Auth
znDHnZ,43xHdY,Auth
IgqMCi,A3PRZS,Auth
L978O8,Y2gnuz,Owner
ifzlWR,0HG3bj,Auth
Hce0RT,6COzoB,Auth
mtKeNi,jCGvGx,Owner
dG5xiZ,8gVXQn,Owner
Sqcofv,ZfTAfc,Owner
Resfbr,CGIN6P,Auth
ytFg0d,S8nshk,Owner
DvNEAA,0vuAzf,Auth
t8bCjH,NTS6ki,Owner
P9k4wI,Kh2Dlo,Auth
ohr7zc,UzpTjw,Auth
wih1L6,ID1nni,Auth
9iqZdK,hHIqgr,Owner
kYRsZB,Ka5c5Q,Owner
yFYDMx,8ZsSuY,Auth
sb7REU,ntvdp3,Owner
5bxDbu,Fvef33,Owner
144iVE,0td2KU,Owner
6ss0OU,O9JNFS,Auth
fVm3vZ,kCVMpf,Owner
xoexYH,Oe3bMP,Owner
UqVnXs,x0YuJQ,Auth
kB7AM4,MyyfFK,Auth
kVHNoT,mk5qxv,Auth
QEPJVS,l0Qs9R,Owner
qAgs5Y,hP9egp,Owner
j0rnEj,vQ2RBV,Auth
GOe5KR,Hu4wtf,Auth
giM2S1,uGNY45,Auth
IQmPxN,Roj1Zo,Owner
FGyJr0,Cr5Rj2,Auth
GKipYV,IglgOg,Auth
THN39w,lsRC8d,Auth
r3v06m,rdM5YY,Owner
MnPfSr,LS37rV,Auth
k32ABy,l08sV8,Owner
20pIfJ,9BuEn9,Auth
A6hqtZ,I3bmwc,Owner
gbObln,NwYbvD,Auth
RvraZE,cl1O4x,Auth
peSv4t,NCiORU,Auth
dTNNph,fd1cHW,Auth
i0Dydv,g9eo4s,Auth
7ElwU8,k0lUnU,Owner
LYiW78,Hktkau,Owner
kqmgRP,QbXYNC,Auth
UgMXjB,BAf3QW,Owner
XSs5Es,GGoMNv,Owner
unGrU5,Q4mDa0,Auth
6qJgw6,PsdaB7,Owner
tWjst3,3zk1Th,Auth
6ScRUp,YsfdXH,Auth
TWMmDA,iaoK9G,Owner
GC0NQf,l4MI9P,Owner
4UxexU,X5JjRQ,Auth
B1Nfz4,Zwc8ky,Auth
xF3D4n,Lgkoge,Owner
epQ14j,DCpqFa,Auth
EsK6fW,6sjFEc,Owner
XdzuwF,Paebvn,Auth
sSi6lE,8n2Hdm,Auth
S3B47x,bBZkeJ,Auth
puPNM2,8TpBc2,Owner
nE6zGu,k4YeFg,Owner
UWDCTO,ws8OAL,Auth
uZwzxW,VAxL7Y,Auth
sfOnGv,dHnlM3,Owner
gCCmjO,frEQJ2,Auth
lVRm5D,RJGmIl,Owner
i5GpIb,aUd4FF,Owner
EpyeDX,MOeWch,Owner
ZP9EqA,Iau8GS,Owner
fAQC0N,V30RuR,Auth
tu5Wyj,RmJNLb,Auth
14alQ6,RZprPW,Auth
Xnu729,Afx54y,Owner
G3XK6E,eADMT0,Owner
UMVNk3,oGUG1d,Auth
Pog22V,sK1tn8,Owner
hDnG6C,JzfrwB,Owner
jPSIIM,RYUm7e,Owner
X9O7fe,34z0tE,Owner
8xbPV2,RyZ4fG,Owner
f1lVuI,bjTf3Y,Owner
C1PYYK,Gfubj3,Owner
kqv5aC,dzKjnl,Owner
2cQSsp,ks15Mt,Auth
m75wcI,uC3hiH,Owner
Mf7yMB,cj0jQr,Owner
h4b33Y,KTV6za,Auth
HUt9QM,irRGVI,Auth
OJIp5P,hko8kF,Owner
mYpBIc,cnlK1r,Auth
cJciJw,vYogQd,Auth
t1btvK,ALWNgy,Auth
FxIPPc,zkTZrl,Auth
sDaInz,ZPrItM,Owner
FmRVxo,qWs6Zo,Owner
yWrhFb,4F7gez,Owner
cEOvlr,W9jExw,Auth
C5LCdA,8HqKv9,Owner
MP9MmX,EYtd8p,Owner
mCf1PJ,e8whhS,Owner
ibGZ90,9rLXXe,Auth
HFNp4n,i55C9L,Auth
OjBSE7,ei35R1,Auth
pWRiAv,LOdFRt,Owner
nPE3zq,srtqub,Auth
Bvi5Ik,bhMuHZ,Auth
FWskRW,jpgWpH,Owner
gGI0eH,Ze5Qdz,Owner
o3efaY,veWiIS,Auth
UDELno,iuDgMc,Auth
RV662w,bGt2bf,Auth
OBur3M,GBW69N,Auth
1ua2Ms,RFJE1s,Auth
fpDd0t,VtpX03,Auth
mJa8KF,nUaMgY,Auth
PhaMvC,FDH1Kn,Owner
o72n7T,m6HteY,Owner
Ltllet,btzE09,Owner
0gg8Fi,XTVNuZ,Owner
Nvba3a,rTMkhJ,Auth
lmaI4U,voNtgB,Auth
2mU64N,s7qW1m,Auth
uw9qE9,NOny1I,Owner
bLuoC1,6ue92i,Owner
LTJ5bF,mo4e4G,Owner
r2Ncc7,5pUNvI,Owner
ZSfNEq,b8pEal,Auth
o1Tiv8,ZWUTpu,Auth
FhmFvQ,NIOQeN,Auth
0SbDzZ,6XUKiZ,Owner
zMpYZx,RjSFBp,Auth
X8U1S8,aZpovU,Owner
OWkq4O,K4i0OJ,Auth
8pgHLs,oCLdKh,Owner
VsIte3,CRYQwj,Owner
oRGM2w,QuZEnZ,Owner
q3LVHO,4YGI7V,Owner
Xrbox5,QZTNCM,Owner
UddYlw,1UZ02V,Auth
YB5Arj,dCGppI,Auth
OewVXE,2fc2NB,Owner
akkzGQ,1lX9Z9,Auth
lTY7qo,HoOGhG,Auth
fI2BAa,YFmc4B,Auth
MLSHTU,ocBr2c,Auth
eVQc0a,wgY25t,Auth
yWBkrp,HqeOdq,Auth
7Q13Zx,IpOxfA,Owner
AwSy32,8ID3ub,Auth
wClCra,0vW4uD,Auth
WHEsy3,OcbhWN,Owner
ZQVAGO,Dsqpou,Owner
JrYXkr,AAgtrM,Owner
V7XgxQ,TCxTRQ,Auth
b5Ihek,aDagtO,Auth
r4S908,nyOblJ,Owner
7dDJMq,zqkSMt,Owner
NpiuRp,vODMre,Owner
0svnyq,TYK9JH,Auth
o956xh,YSd2vl,Auth
mVM5Vf,Z8maOt,Owner
q9afvc,wW2F2g,Owner
EGcgz1,30tOHc,Owner
z7yXHF,PNDh86,Auth
hj6E9s,iDERCV,Auth
IwetIh,jReF2X,Owner
PWmI81,F8RNGt,Auth
3yxjv1,EeaAkv,Owner
HQ3yPm,72mYho,Auth
hS7270,WlLwQk,Auth
bz2DwQ,FmuSz7,Owner
TA3T2W,Xtsyu9,Auth
idYPvI,evi9tJ,Owner
PGiaV0,cAteG1,Auth
Ausy7P,4CuqJO,Owner
4It2nY,tVwDmY,Owner
O5Vduj,zmz2Us,Owner
akSI0Q,kYL8gX,Owner
9kVssg,RMJHbS,Owner
RTp5dK,VzZePb,Auth
Onhhgc,g7djnJ,Owner
R32PoA,egnjnz,Owner
FDjhWV,f5IKZy,Owner
tK9ByS,BhUx3S,Auth
hp9VSx,K0ZpFB,Owner
nnxLRE,GRtoeo,Auth
6mrup5,iKLMVO,Auth
DwrbQH,2sWC8H,Auth
iMrtx6,F5FYsP,Auth
iDRBh4,GLJ6rl,Auth
EPndmb,eFwKwp,Owner
02Rqh9,mjQm7m,Owner
z2Ll7X,PVeA0y,Owner
IHVW1v,aL1AoO,Auth
u3oOpF,CbtMjo,Owner
1lHOvA,SYP59O,Auth
v0qa1G,A8Mkqm,Auth
XODrF3,EsVbPq,Auth
qXLk13,CnlOjH,Auth
0x5nw5,3dGzek,Auth
AdQVbU,V8bx2D,Auth
ebIApk,uGNuiP,Owner
sU2I3V,Py8EEM,Auth
0V59Gi,dFul9G,Auth
lP2dbb,BU0Lrj,Auth
G0MXLG,XYmQSI,Owner
oJrvQI,ZR5Pzw,Auth
yOLX5z,zKqeq4,Owner
p7XjIf,VGcaAo,Auth
iUoPqW,SmJXnO,Auth
8qqQNl,B25SaE,Auth
1d0Ht7,5Mqeov,Auth
YhHkyl,xLzhdj,Auth
L43sgL,XkDPjo,Owner
Rt4qR8,ljbS53,Auth
qEkxlk,4kyG3y,Owner
00yXlE,MgFtse,Auth
rCj8Ia,wFODWt,Auth
fmuE9s,xjiOWV,Auth
4fA3tl,rDJkPi,Auth
wO93AV,V0B7wq,Auth
0zRaDL,r9DNzf,Owner
5Vqtgz,xSKCWd,Owner
fNUjpA,Lql3tL,Auth
dcGOOM,In6KTW,Owner
5v5zKX,aRqbXS,Auth
bqYrph,r7IVJi,Auth
Doskrn,dwDZ6e,Owner
gTAYnX,MkyX71,Owner
JVQgGe,lg4yuA,Auth
UJ8yES,1zA4Sg,Auth
NbxGyE,4Mj3Q3,Auth
hoanbt,yqtLmM,Auth
9OvGOC,NScwEn,Owner
VUHHSL,YO2alp,Owner
0dxymj,NghScH,Auth
vygxSU,0tYdR9,Owner
MYmEm2,QHTxaI,Owner
6cQyNs,2IOSgw,Owner
CPcWqj,ok2FDM,Owner
GpO2bf,aiLhhy,Owner
8yso49,rjIb5z,Owner
ppCeSC,XRY0y3,Auth
HD6glv,EHpRmt,Auth
mATaRm,smeC6V,Owner
AF5T9V,MqJos1,Owner
KXW6bG,Zh5HN9,Owner
MKzT8a,Whk5kR,Auth
omT4BL,qG2vCq,Owner
Jv9P8W,1P66lo,Auth
e7qHFt,aJ9PW7,Owner
rOkrt3,LKJ0ID,Auth
5nV3AK,NF8ncY,Owner
QnqPl5,6xnR5j,Owner
RQOCv1,hrMWjJ,Auth
IKd80w,0LUaji,Auth
uUt4Sx,dzsFTO,Owner
DJjsma,0nXMrn,Auth
jvshVF,Q3M2p0,Auth
n2uWUq,BT3yD2,Auth
vcFxzo,oJSnQk,Owner
fGILyx,fnFnwF,Owner
HIOf24,6HXRn1,Owner
lmZ9QZ,63T7W7,Auth
j1FlRr,lNL2qW,Owner
eXAW9w,3PggF4,Auth
ake7f8,kfTDi7,Auth
APsrHc,TCv6qo,Owner
gUNokK,rmYq2S,Auth
mCT76a,78Wfg2,Owner
vyTWfz,0xGhuy,Auth
avDitW,59QPWZ,Auth
J4jnYy,mu0iZk,Owner
X6wsM9,lEvjU5,Owner
W8DcJk,GyPzre,Auth
p3L44O,tEVyjI,Owner
VlpVfc,rsh8Wo,Auth
IJiOJD,gi7WRz,Auth
mcwuGI,3XCPf3,Owner
TSFgwD,Xsc9Ef,Auth
f4mzgM,t6xpg6,Auth
4fftol,XZVvFq,Owner
jboWs2,AnCp1U,Owner
UQtnDX,HQ4K2C,Auth
IHJl95,S70NUP,Auth
f9LFUn,E247fO,Auth
oyzTT8,LTrz43,Auth
j5Zyzr,DlmMWd,Auth
MxCcY3,Otv2l0,Auth
A1Rx2U,muNGdu,Owner
E6nZ2a,LnG0SR,Owner
x6l72Q,003PoY,Owner
VgQtHZ,ya8KXT,Owner
R7FYPT,VdQC20,Owner
BKPPim,nTDoNZ,Owner
VXe6BY,BSCBrV,Owner
GbYvGg,BNv5Bd,Auth
ccef2J,lQfbIt,Owner
nUBj6y,hkbLj6,Auth
mqdXeZ,9znSia,Owner
HBTfJS,uEznHB,Owner
ltcyvq,NRG662,Auth
jTS8qg,WF4Xgj,Auth
ftHXNC,0qOKL3,Auth
8Mmzz6,1v250z,Auth
7HXCOI,atFmZU,Auth
DU7ach,eQnOLY,Owner
Y9kr4m,7s8h0v,Auth
SQN2NB,ODwk7V,Auth
JiFPNh,hwXYmw,Auth
V9XwSS,yPvBpJ,Auth
M1EXrx,6zqPb7,Auth
xFAhFn,ZtQ18A,Auth
4wQIPP,eHMpy6,Owner
3fAwHa,P9L804,Owner
t8gfCu,IDT2mC,Owner
0tDUhW,8Rn3sv,Owner
eWNGYg,mBkbmv,Auth
28ChZW,hNnOi8,Owner
6wzCvM,EbfnNx,Owner
ladV9R,6B1Lpn,Owner
1d8ipe,Y66TSp,Auth
n2P5X1,P6kYEx,Owner
uYFrRu,8X1x9P,Owner
tVq52x,48lNPT,Auth
C8Dmgg,AY3Ooz,Owner
34yKqH,e8lZjc,Auth
PoL4OO,RA1tL1,Owner
eAQwRu,GqnLDO,Auth
78JtyP,0Dc1LS,Owner
r0QPxa,RZsAuV,Auth
CFR510,NazydT,Auth
IvnHON,lSr9FP,Owner
QfyNiz,6CuR5a,Owner
L23VS0,y5BgJU,Auth
EN7u1E,p9Q8cg,Auth
L2jUXm,bzHBtk,Owner
avFCnO,8GsoeH,Owner
jfoPi3,XWgqQH,Owner
lqxnY4,3zFDrq,Auth
TM0s3Y,1L9ity,Owner
XFuKDK,pBHs7u,Owner
0X2Jvb,s7FLpH,Auth
3LLw1Q,QY7udu,Auth
RjkZGm,ctLSFX,Auth
cfmR9O,58pEf1,Owner
wO3nE4,GcObEq,Auth
7arRyM,jBTEvu,Owner
2EDUm4,f1nLr4,Auth
TCiAzy,5yERQT,Owner
Ch5D3n,Ew17Jb,Auth
7agsJ4,62ny3S,Owner
i4HPSC,9FILgn,Owner
AhTMtz,XUd3UC,Owner
HgZDLJ,Mnpn3F,Owner
joOuf2,8UqlA8,Owner
yI4p2D,kWbcpq,Auth
tV9lpi,aUEY1V,Owner
Bxye7u,frf0TW,Owner
FPm2r4,gc5rPG,Auth
3sJyM0,XwL6bZ,Owner
MvkOvL,uqCBKP,Auth
cMANRd,mjDFfD,Auth
kcsugR,QMcUIJ,Owner
1q2XuD,WDNjYB,Auth
4djV4B,1ZL8hf,Owner
mL4oNd,8FhTwY,Auth
nz3iOY,3Kvs1I,Auth
kKHENo,FWz78V,Owner
iKZ9SB,ppRMxm,Auth
UtO69h,nMonQV,Owner
Jo4fIS,FzvtcS,Owner
ouhqKb,l7O92A,Auth
n1PmBh,EjN3kV,Auth
ZTg1sH,AsALbd,Auth
6N62KQ,vmDcda,Owner
dn5esh,RWZoML,Owner
EGgTNB,mrdrW5,Auth
BYCzOa,7DqObr,Owner
PNbQ0r,uTUtZT,Owner
YNaEit,5PRQr6,Owner
ZWEUiS,oGEa0e,Owner
UWPRwv,x4JfK6,Auth
eGPHOF,p3lyjd,Auth
sH8hXl,2cYiqV,Auth
BrzHXV,cziSHR,Owner
mgfcsS,Srjpv6,Owner
utSuI3,m07sGQ,Owner
m0anMY,POBZ6I,Owner
AnBZPy,tfxtWM,Auth
9GWt5a,226Uhl,Owner
ONCn2d,FI94Lv,Auth
MrJNWq,AXM9P7,Auth
RG5yPA,bnGdo3,Auth
rt9K9M,moHZXx,Owner
R785Xa,ePcygV,Auth
vxz7nF,htnKQl,Owner
EfPz1o,QnuzRk,Owner
V5YIcQ,KHDAqm,Auth
YPMxwm,yRivjK,Owner
rBnBsQ,8gRltu,Auth
SByZW9,oSkKQ7,Owner
6QV11T,wFqomV,Auth
sW7eXE,5OGdGm,Auth
VLmBOa,qM3scu,Auth
kzNKfl,Aay9LK,Auth
K9JlYN,VhgPEx,Owner
yqmpHR,B0XiBi,Auth
dwPo8R,KhcLyY,Auth
xUy2Ud,Xe1tkg,Owner
AVSINc,MQ1QlP,Auth
cYLxdn,PYbGwR,Owner
HNvpLL,tjsoN0,Auth
9Z47YB,rwCHZ2,Owner
1JgyHH,z5uzzZ,Auth
iXQwnN,tp8PjL,Owner
9swLA8,qmNveh,Auth
0SZpie,ObGIRv,Auth
C9xDLM,SHxsjH,Auth
W9AdFI,vL6rh4,Auth
34Slod,N3mKwO,Auth
8qixMC,joq4rx,Auth
d53yGi,bdFBas,Owner
XTA9VC,BUZeLc,Owner
RKnGbK,fikgku,Auth
HPLheZ,hbr4gS,Auth
GV0vJh,Z1Az5s,Auth
TNyeNj,F4KOYq,Owner
T56Ev2,F73Z8x,Owner
sQ60Jj,w0FD0i,Owner
0ddgK4,skSgkt,Owner
YVLNV4,8S1ald,Owner
mw8hBM,PeXcJ5,Auth
Pm1RIw,TF5hbN,Owner
urKXG1,uSIze5,Owner
dgch0F,edn2Of,Owner
XVJTDM,rxhe5o,Owner
CumL9n,3hOmzk,Auth
JwrXyH,EWknuf,Auth
AbotVz,mwAowV,Owner
O92RLE,U7arbp,Owner
HnEvsB,TuMYcV,Owner
r7yIFx,b5NMVz,Auth
RpsBLU,HXNQG9,Owner
hkzcF4,DD0CpH,Owner
Wd44sd,HKkWm7,Auth
eA8XTB,OWsCR0,Auth
VgZVh4,QVaxXD,Auth
E9foZm,BK8yiy,Owner
Ne2gpV,Xgw9K9,Auth
alT61l,SGd7JI,Auth
mGKS1u,L1Uf2t,Owner
avTzpM,ZJbO4p,Auth
VHLrPe,z3avzq,Owner
3HXJCL,AYMEMT,Auth
y6DAVv,UBLOUp,Auth
HqtiMm,XyDGfM,Auth
6i2hwb,dpO3xb,Owner
QhVrQP,JlD3eA,Auth
T84c6E,1rGYGR,Owner
pTYjGD,0nWeg0,Auth
0ylQx7,8gzanR,Auth
wdQsj8,pI47pV,Owner
BICQCu,JjyXXN,Owner
XK53zC,jkkg2E,Owner
6vKTpW,B0I5gh,Auth
5ZMh6x,qTBbmV,Owner
OYaJjH,EoVCsj,Owner
twtUYA,hKg4C5,Auth
0EGR5Y,bR9WD0,Auth
YX2Bcs,SoI8bI,Owner
VZxcq7,nNrbnE,Auth
0hgNcc,YjRqUJ,Owner
eMPTLa,erSdvO,Owner
pn5gmF,N8IL0Y,Auth
o1pcit,WuvsnM,Auth
BsLTkF,pkqb3x,Owner
3PCJVj,hn1VXO,Auth
TZlIW3,POqQlU,Owner
C5lVo1,wwaHiO,Owner
6V3wi0,9OEDQh,Auth
7prvbI,eh3RLg,Owner
U1Yasf,AQpzlN,Owner
eOFwZm,6EIj3G,Auth
LIL5CB,Kp0hIr,Auth
stl1LK,7x35s0,Auth
uLVTvT,MmE3qy,Auth
z9tFJd,yQzfJJ,Owner
WHUGax,ECMasf,Auth
WQRHUC,3uofUG,Auth
RBK8u2,E3Co1w,Auth
PpYKtR,kXJHMv,Owner
QzVwpU,5kUtMx,Auth
fpl5Cm,JGoHX1,Owner
oiwHzV,5eRjf7,Owner
wn9GSw,U47PDd,Auth
mjq2lg,9Iy5UR,Auth
1DODw8,LrNqFT,Auth
5rISln,yfgWSh,Owner
wvmUER,7Dlmqc,Auth
MG0U68,HZhyvQ,Auth
poLJT3,XdDvPa,Owner
ysvLZb,d6FUcY,Auth
3F6TfA,yOZmHM,Auth
3MwISJ,i0tDub,Owner
uSlK2G,QLyhzr,Auth
PydBMO,0twzc0,Auth
YV1ZRR,dfoBoS,Auth
yqckZa,LDMLdh,Auth
GGv7eL,9jkuSN,Auth
0AbtIy,UzbO2e,Auth
cMPNIB,H21IER,Owner
BArkgR,uDgEvm,Auth
bBDGoZ,s3YewL,Auth
BbnUan,6OYR29,Auth
3fv5Re,Zq8WzB,Auth
09e05Y,AVROSu,Owner
MWAgDN,KJMjCS,Auth
q6vNtg,LqOBYG,Auth
Qq6w0X,GRgM8t,Owner
31HO5K,OoaP0E,Auth
w7YHnx,aDfj5n,Auth
iWJll7,2RjYq7,Auth
PCMuyS,v6pZAp,Auth
XNYBM9,JndVIc,Auth
oL77Zi,w2beEw,Owner
iv6aqp,tjk2dy,Owner
RsE6Wn,Ld1Vq1,Owner
fsb2tm,5p8C5n,Auth
L3qaIL,NVCbxU,Auth
hEyx4Y,5tQUpQ,Auth
HhUdfo,VCRNbV,Owner
yu17qx,mcMW7p,Auth
iE3cQC,sGTqy9,Auth
tdTLMg,1utFa6,Auth
C3c36R,oiepNK,Owner
EMACkw,eTNpk6,Auth
SpY6nD,SNZImy,Auth
iQYweW,eErYba,Auth
Gva24r,VQKXZ6,Auth
XLQY4Q,6uVW7k,Auth
mfb5ZA,v7PTYy,Auth
S9pbEY,dF3FA8,Owner
FHwirF,7ee9W7,Owner
YKcrJb,AQOHev,Auth
pI1NIU,B8p8hB,Owner
OmwreD,0TbDxZ,Owner
Dxf1Yo,lvXwC2,Auth
MVYktg,LWE9lR,Owner
aGaE9U,aL84Ff,Owner
X5biGU,nDFrX9,Owner
k7hCL4,c9JyGc,Auth
oCZI55,2RLM7Q,Owner
zC2w4t,AGtGTm,Owner
EDhj4C,oljB6u,Owner
hD5MxW,gjRslh,Auth
9SrO1s,QA88NH,Owner
sQouEY,oEudcC,Owner
IxJOCA,soC0r8,Owner
PAk1Xb,eXRsuI,Auth
2UyP29,nVjVzt,Owner
6b2uJe,Q394os,Owner
Di0CeE,XAb7Rr,Auth
CrXwdE,d6b0Xx,Owner
FiKC4j,ELupgN,Owner
aDqCO3,qdU4Bq,Auth
UFWXCM,4SCcQP,Owner
WA7Mc0,ZcrCjl,Owner
GZyzH3,O5PbCX,Auth
uOqE6A,sTFFBG,Auth
B6vW1F,96u1gm,Owner
rWzgkD,XsDK01,Auth
OX6CkA,o4tgG2,Auth
ztXmmP,khNtlN,Owner
AIfOTE,mtQSqh,Owner
UVRiFH,K8c7ap,Auth
SiS8sR,XScAw8,Auth
WlICDi,qBGu0H,Owner
DvF9VW,dS7oRv,Owner
kJShQn,yuINQr,Owner
0VZ86z,4J2cWm,Owner
O1WUif,rho75j,Auth
9yOW9v,rdUnbl,Owner
xYjKme,sL5TQS,Owner
pt2yz1,PiM0zZ,Auth
ABgDsI,l47L43,Auth
3eQuAC,8BAtEF,Auth
3akSkV,qt7XvA,Owner
5KHjW9,dpjGim,Auth
AvQYle,w75yIg,Owner
KiNjuE,HZJHI3,Owner
dE6vll,9h8lDA,Auth
I2rRgR,GM7THf,Auth
JMHggS,GnmLem,Auth
SDHFrO,O72df8,Auth
bn8gov,9nItTf,Auth
A9G68z,E4d7Hx,Owner
p7DE5q,Xvrxaj,Auth
uUjdCf,C8R8s7,Owner
vIMC1O,CmYWSd,Owner
D5bhYd,YJucY7,Auth
jbn9l9,QwonjW,Owner
z5Jhkq,0CenqV,Auth
zZqdwf,CJp7Ju,Owner
lfmQim,OM5vwa,Owner
4Y2N6F,Erimcm,Auth
hk06Ss,WMDakS,Auth
IYbazA,RnvaUA,Auth
YehfG6,8ZK0VQ,Owner
rhdWxP,sADOSv,Owner
BFjK0S,zJVWxt,Owner
7NoTxm,tlkD2w,Auth
JpKLCp,Hk2cMO,Auth
LxqhbV,rgLijv,Auth
VxvRV0,bTgzca,Owner
jGYPFo,SpQlb1,Auth
kQ1PDB,MfVbMT,Owner
UCtK2r,mHb4I7,Auth
2CfnPL,tGx3Dh,Auth
a4n9uY,YaG7HP,Owner
YYzAeW,7lIfgS,Owner
coA4zT,bpvLjG,Owner
uHxcyX,DgVGXG,Auth
PpW5oa,839qWF,Auth
e0Zmaw,im1y9K,Auth
2YVev6,5Nsz0o,Auth
uEoH2n,7trGDG,Auth
IoSMZH,4SpjSr,Auth
gdk8ME,GjqmTh,Auth
v6R5Sx,ac28Sv,Auth
5nk5os,lJutCt,Auth
yybBCG,Wy4ooF,Owner
zzPmch,bMVMfS,Owner
1SARo2,7vfSjm,Owner
Suca1U,XjgGG4,Auth
nCmwLw,Aq5zrm,Owner
Bj5WGj,yv4pym,Owner
8atH2E,pgvuEG,Auth
d6djhg,vpp7WE,Owner
y6uJes,6FIklM,Owner
MEI0qF,5wflB0,Owner
6bXLmk,zW3Ovd,Owner
FDtBtm,Ra9Kod,Auth
3b5ZVf,VupxVJ,Owner
bS1cci,Ybply2,Auth
XX0WET,YxZwGN,Auth
5nStNS,HBGew2,Auth
YbvFjM,TpW5S8,Owner
cyJfVZ,VBlx4Z,Owner
qvaFDH,kk5TxR,Owner
vlY7Wq,X2jY6b,Owner
KFFzai,wQm7iF,Owner
modmBQ,bwJSGY,Owner
OEeSjd,19Dtkc,Owner
4QuUgo,4W9gOf,Auth
bVIm3a,83tpio,Auth
yv66rJ,uWcAvN,Auth
L0bUmm,UxS6vl,Auth
5qVGnj,uRg7Yv,Auth
2fzbxu,14k7UF,Owner
liDiU8,VLT5P1,Auth
ftttM0,5oXWdd,Owner
AemFdP,6uO83X,Owner
IT09SP,6Xm1R8,Owner
HYHt5B,WCftxQ,Owner
rQF8P1,rfu3eg,Owner
cEEN9D,8Al4s8,Owner
SJZhgN,aHHzjS,Owner
NvJvkO,rP1TIG,Owner
QdRpdS,RKG9yh,Owner
33yjy9,OEvq1Y,Owner
7UevnF,ttpBT6,Auth
cJm5MR,TZ5fNG,Owner
YZbN8h,uZJH2u,Owner
u2tzKi,ZMM5nA,Owner
YqmCaT,vDI5LJ,Auth
S1IB6A,VfAfAJ,Owner
faLY8A,XfDgfo,Auth
B05cH7,UUakJp,Auth
UtNGLn,WsHH8U,Auth
UGQH2K,NSno92,Auth
ACHpu1,FYu0Wx,Owner
PLDeCK,h4gIPm,Owner
lvpjCr,HPsw20,Owner
zPu61j,RtuHn9,Owner
Mvpemb,n5ZEKm,Auth
6JAGnh,tuxetF,Auth
Lezu4d,wrG8uX,Owner
0bFJG2,UhXUY4,Owner
tCc4ux,IlYp8S,Auth
DTaXK6,syj3VI,Owner
644qve,vxcE4P,Auth
BBlOCI,2QVSsD,Auth
DSXszF,il8jqz,Auth
suh1KC,bx9JUm,Owner
ZGVntC,VjPC7r,Auth
bRxJKF,rPOoRh,Auth
xGg6kd,rjNnKg,Auth
HWZnOv,GrcJfW,Owner
3zv6G1,2imi1u,Owner
3LPlr8,G2BL7j,Auth
2HZxkz,F52M3O,Owner
FQ8E9j,lOItcx,Owner
uG1tt7,SrBild,Owner
VbFux9,26eBZC,Auth
lfsTWI,X9Egkh,Auth
cpv8Hk,o54X8h,Owner
QyWCbj,PA7RzR,Auth
ddknpT,tXOGIq,Owner
BBjYvX,Eoz7Xy,Auth
Zi8Hzm,7M7yEl,Owner
yiHmWl,MBQzvR,Auth
iWt4Jw,9ADFDB,Auth
oCPWw3,2ytXAk,Owner
6Sqh8H,Dj3Y59,Owner
VkN2MA,qEdjpA,Owner
qsKBKa,T25pLu,Owner
CrBNBM,gkci0D,Owner
5YzUBG,txQssl,Owner
jHHYpr,cick8o,Owner
E2p28s,1nGArD,Owner
GXgMdj,rBER2S,Owner
Ww2BKB,Wd9os8,Auth
pYemh9,dzFPLH,Auth
O33AiK,J2cYrP,Owner
GMps6X,je2BoZ,Auth
JO4Jdo,crMpib,Auth
zIlNtm,AUwvyO,Auth
rzUer4,MQ8ToQ,Owner
lktpMI,M1aniG,Owner
OdSwa7,p4th3s,Owner
j1DYcA,sUW3hg,Owner
VZoF11,75W1f7,Owner
P6rQZk,KXV1lM,Owner
MyBQrf,sO7Ff3,Owner
jtLeUR,Kw6afH,Auth
magfVM,WyZo4b,Owner
I1BZqm,RcT9DJ,Owner
YrLhUo,rfH5eb,Owner
Vjv9aH,v1zziY,Owner
6WY9n2,NTaUyX,Auth
EvjcMz,MkQNFT,Owner
SlHJj9,U1cR69,Auth
dV8DmA,NdRkq1,Auth
6ZnJPf,yjomaU,Owner
nx4HVN,Q6QEWl,Auth
zNL5pl,U33NPP,Owner
eiODGe,AqrdLu,Owner
pGSvRw,6qP1fS,Auth
cl7sKY,PcLpyY,Auth
v7m54K,Ayw8L5,Auth
0Mm9It,6TBvkt,Auth
M23L4e,yHIKEU,Owner
N6ucRH,ZHXnWh,Auth
NIMC6Q,aI5e4i,Auth
61wnLA,iqYpfF,Owner
9UhbKO,6hrc1f,Auth
0DaIVO,3WA6B6,Owner
Xumujh,4ulUOm,Owner
EtV0n3,uFFEdf,Auth
Y7a791,a43wPz,Auth
DIapff,lQ0Fsq,Owner
sAt22K,d6ckVD,Owner
q8vZDa,qqj9qg,Auth
YbBCOJ,mxrJua,Auth
12DIjm,L2ZMWG,Auth
9snveK,LsKdTY,Auth
LiqOuT,MsDmFb,Auth
Jdo7hf,miF5nL,Auth
ft2WPl,uBqIvq,Owner
rRswqL,01qS7R,Auth
zzUPxL,aCwjY2,Auth
1dHYBt,hInXTx,Owner
xMLRw0,Fr6NCr,Owner
UPPqZG,BeXJJg,Owner
3pzD11,bgHruV,Auth
YSws75,ia5Mic,Owner
y69eiT,OwrUzq,Auth
uu5zrX,34PXmz,Owner
92KNoM,gwYxdL,Auth
Ge6zKJ,pYf0xR,Auth
mhyAAx,YAmD0S,Owner
1EThOA,beXPeX,Owner
qOiuFv,kv4bHt,Owner
24tmaT,KYah7Y,Auth
5BrHyZ,rlRrXP,Owner
L4QYLI,vvioSN,Auth
VsdZhr,KoJ4N2,Auth
tl07Wl,otIwxb,Auth
NypJxs,F9Glzp,Owner
NvQJQf,idIist,Owner
kXHv9u,cyZzoW,Owner
g7HXqa,wfUktk,Auth
BpOwTh,YlbUxp,Owner
UkPfg6,CiEOsb,Owner
SAl5tw,kaMchK,Owner
JO2WpB,ZHFBij,Owner
eCotZV,Pj2tc0,Owner
1sq7zu,Pk0UBJ,Owner
TAvRmJ,FGCljs,Owner
7AI6UJ,APnYiD,Auth
JzJ07p,KUob3N,Auth
hxZ7b4,TKOoHo,Auth
qwJZGP,M43uDK,Auth
JoRsvG,OutaWM,Owner
P6R9is,tRXHC0,Auth
1lM8HH,Ajp4BW,Owner
rBM34d,GU2fPY,Auth
x4HhHG,byPKKj,Owner
4fjtUk,8uNtQ2,Owner
HfbQCi,sUJX55,Auth
iO24Wo,Ck7cdk,Auth
9xiENP,7PShqC,Auth
mkD5Re,bmVFpo,Auth
TDHwPp,H5bAUX,Auth
k4u1bh,nSrZMS,Owner
7a7rJy,1kocmA,Auth
ortTVv,KahhoL,Owner
bjyRWA,VRJAgL,Auth
U9te8m,xXdbPQ,Owner
bJEVMr,RljyWy,Auth
5Uvrql,MXPU2R,Auth
YKPrHy,9ALnj5,Owner
TP7Ek6,zAWkrH,Owner
8MWh5m,WHWqmy,Owner
PuM5mm,Q4M3cp,Owner
0t3vpS,CTvHHb,Owner
AMHCPx,xgYDFS,Owner
v9stwF,PMPRsi,Owner
mcHbyZ,sFPYOz,Auth
GuqV9z,EWRcpH,Owner
qOkYo4,ZHXV31,Owner
Jneydm,fdOk7e,Auth
z0wiNr,Qe5syD,Owner
foBRZR,z8iDKp,Auth
7JD3tE,0ks3Lx,Owner
9WZ5GX,7S22D2,Auth
gSq69M,DPTkC2,Owner
EyXPPD,X4Vgib,Auth
B1EZgF,ArlZrH,Auth
14vByS,K7E0m2,Owner
fwds8q,LcCjwc,Owner
6ilUKn,KyhUI2,Owner
9X57RP,LAeZvV,Owner
llulyS,yeUXZh,Owner
jbrMS5,JtgO0N,Auth
fmigo6,zpCTRo,Auth
FW1FX6,YFtIxQ,Auth
gpE5Cf,iNSyox,Auth
5kPNVH,yYXKKO,Owner
ku181A,D9F4e1,Auth
wu0TZf,FjFHuZ,Owner
XvX3Tn,IQU2Sc,Owner
Zten9F,jeFZuT,Owner
pn17bc,1nxdqj,Auth
XhNWhm,wOMliX,Owner
N8tpn7,0A7WsK,Auth
B8l1cT,L74mA1,Auth
C3diDW,pwG73E,Owner
OfTVNT,hLSSTQ,Owner
mo8c8y,T07qOe,Auth
KJQ2EK,Fi00oF,Owner
CQanAN,u7l7bE,Owner
THpnZm,gEV2ed,Auth
uuKlkk,rd08FN,Auth
pGu2Zz,dMCAGM,Owner
nIWtM9,iVbRDT,Owner
jhgHhE,GrmSDP,Owner
Zu57lx,5U8wPI,Auth
GN6KB0,IwUzxK,Owner
ooqdkz,OIOEkW,Owner
AkgJG2,TUb2S8,Auth
yaowwF,pHeNl9,Owner
T9w9qA,myEVxh,Auth
9ZId06,3kRHq8,Owner
QpWcoR,yuK0M2,Owner
0CuuMa,clDwMN,Owner
7erZzZ,4KeOfI,Owner
DYVZuR,MOZq2y,Auth
9msp8j,BmWlBg,Auth
45v8rq,F6pzWI,Owner
3sXJqX,9yBYrQ,Owner
WuX1yi,qf3NS8,Owner
DaUsyn,u5dxx6,Owner
uYT6vf,HheySA,Auth
vGiwO4,3PLhUU,Owner
FDFgHj,4tfUpN,Auth
imxrZv,wdprDD,Owner
chajhF,P33As6,Auth
H1MtRb,UoXJS8,Owner
1oSYjR,AW60D4,Auth
xEiUQT,49s3ys,Auth
vz6cN7,iesQFW,Auth
bl99us,vWt2Uq,Auth
dKTUjk,BrU1Iw,Owner
inydrj,gNz275,Auth
NLOakC,tJZ3Xu,Auth
LCVSQw,5N7bKh,Owner
Fpd8qW,m03FWi,Auth
xYC0ip,ktRfze,Owner
H24Fgf,HO9zBu,Owner
1XVa0s,IbYXSJ,Owner
jLjoXa,83OJSF,Auth
XgolDt,pJB3uN,Auth
jIJ6H0,Y9Up62,Owner
FkCjbw,pqUpko,Owner
tWgFHR,TyZWb9,Auth
f9g3fj,CEXPcP,Auth
Ctr1NA,Xm2rz1,Owner
DaJLZ9,rdye01,Auth
205fh6,fGolZi,Owner
Fp7ZwF,rcEvd9,Owner
3kq5Xn,ZeADhk,Auth
0lrzzU,S7NhRI,Owner
7X1MIw,p8aFV1,Owner
a4tsvv,InL0p7,Auth
YiwWQk,fcEUp2,Auth
9NlWVw,xQSG4s,Owner
AEb3b6,H88MYl,Owner
QEtM5f,Duoyg6,Auth
lQQ3Pg,fP3Vjj,Owner
whhx0y,ohGPaL,Owner
cy3KA6,ynBHHF,Auth
Payf9s,YrwRUe,Auth
3QEM2P,FhhVfS,Auth
RJC69s,IpYlvc,Owner
0Wi9re,EjF8zB,Auth
z7qEoX,SdeXDu,Owner
BFB00H,v051BP,Owner
iOnr8i,wS4nEk,Owner
oDgaas,C6jBCQ,Auth
uC7Bmk,OGbkad,Auth
9C1Vrv,RiBzXO,Owner
f4yz9T,rSbh0E,Auth
lg3iJP,7NLZoA,Owner
cfSFXx,RDF8k7,Auth
sx6muq,tUtaF4,Auth
FB1SA6,eJpQ1j,Auth
iJ8Sfq,WleFfe,Auth
zJFGob,f1L0DG,Auth
8SDYoc,oF3cHl,Owner
3NteZc,RcIYUs,Auth
slsbBR,pBasZs,Owner
IXvbyn,h3JuZT,Auth
dWb2Tw,jOdwyk,Owner
0rTHYC,5U0dTp,Auth
9Ai4JB,Z7yA9u,Owner
dgfaM3,jxAgy3,Owner
uREAW7,7dtniL,Auth
XNA9vo,VsscOM,Auth
9QiPuJ,PfbTBJ,Owner
at1o1W,vucMzD,Auth
AbiFbl,vyzd8x,Auth
VaLP9z,yJW4rk,Owner
mbOXXg,Hjwuq4,Owner
bB4sEi,2VoD0Z,Auth
iVF5Ti,ZrylAF,Auth
d35TuG,xSakhM,Owner
Yjzkyo,3flw2i,Auth
XaodtU,TIakm6,Auth
3WGuDQ,rS7yCp,Owner
jg0tzm,O38m6U,Auth
1XFJS4,pj0Gh3,Auth
gWWrI4,3FA2NZ,Auth
Jnl5Ny,mEdS8V,Auth
z0eBjr,yBcB7t,Owner
qS0wdw,GEmHci,Owner
xDz0zk,SeuRCc,Owner
2EyPpw,uwtWzQ,Auth
Qps1Jq,eKDhnq,Owner
wG3IhD,9zXHM0,Owner
yw0Djf,NONLVq,Auth
gtYU64,PgCAVf,Owner
hJSr29,1tappF,Auth
0JJffL,LanC3N,Auth
lewAqG,rYV5U9,Auth
pFtCVs,VSGOio,Owner
LnQz00,EROFBX,Auth
wAAZVH,4WttzJ,Owner
Ua5u35,I1Z8zn,Auth
w7SQWu,hNq5lq,Auth
2rslPF,uetopf,Auth
ByzZwN,YBJLma,Auth
pPgqlr,1yx8Ab,Owner
dfo3ZG,9C8JoN,Owner
5G32RL,YSRM5O,Owner
scEBQJ,HI1FtY,Owner
2Aigc4,nOR6d6,Auth
65FFYx,YpMjHh,Owner
Ho9ECG,KhioWZ,Auth
tHcaeG,w66JyJ,Auth
xcxqVm,uOhkb3,Owner
vLYYqM,uuDlUy,Owner
q53HMO,gP5UfY,Owner
yn80Ob,BgbvHj,Owner
i2c8ou,MeSuhc,Auth
AqyBgZ,tc7CZh,Auth
QBNHAF,3IcoZg,Auth
nf1nqA,szRpwI,Auth
RpFKLw,0UTtNC,Auth
YMZi6v,24e3sW,Owner
uc39Gn,zKUBBw,Owner
h6dvjF,R0Ohn0,Auth
s1tQeQ,024MJc,Auth
gbLzD2,byVqUt,Auth
ao8Kcf,HpstH4,Auth
VVqhA2,Egr2FS,Owner
gHGlJN,uwOYL5,Auth
vDaRvS,ZNekLA,Auth
YJ4U6c,8X9iCb,Auth
H2Pfzw,DuG1TH,Owner
7Oq1vl,7cFrdy,Owner
un1iYH,awB9gs,Owner
QVyvvI,1NPxZX,Owner
JzTour,Co0l6G,Auth
xvN6TY,JsgHdr,Owner
18us9e,FWtSHa,Owner
TjH3fR,K3B4iK,Owner
pVrZAH,SAwE0N,Auth
hXtsVW,yuzR9J,Owner
M7dUHZ,YV50HN,Owner
IeG5BV,gUJkmb,Auth
15fptG,CBCPuK,Owner
m9JalL,fbgbvd,Owner
25OfCG,vseZpA,Auth
4XXSEL,qKuZMb,Auth
rJwGPJ,78Esn2,Owner
XH15KF,AUyXwJ,Auth
lubpsc,gDoim4,Auth
WhxGhe,RWF0If,Owner
4D9qLA,cWNqYx,Auth
QtpgZs,alRDn6,Owner
XXsG4e,b69iuo,Auth
t6O1kU,9k0CrR,Owner
FYMJPw,H7hH4p,Owner
yJ4oLa,E3zcmT,Auth
YLqvAA,x1gfDE,Auth
Qo4cpH,VyXO1E,Owner
47kr6W,6StttQ,Owner
hJmt4P,9oLGGv,Owner
v6UbDL,KXALJu,Owner
vf968T,biBL8I,Auth
QK8DMd,HHmrNT,Auth
9cBIy6,jc3A45,Auth
bXaGfy,5tD6nk,Owner
iU8u7I,sTnLr7,Auth
UKsoR6,mmD4cO,Auth
XcQ83d,7HRmAn,Owner
6UpvvF,8v05tk,Owner
tN4o9J,kIr9ia,Owner
orf40h,VSqM3P,Owner
aCiX55,OOkdiD,Owner
UhQDTf,xixuOo,Owner
gQHeS0,G87nCq,Owner
4SJajU,z4yKeZ,Auth
DWURn3,1UzvbX,Owner
buQaMT,gRCvAI,Owner
mShWYH,dB0fjp,Owner
4BJgfR,6pdCn7,Owner
h0K4QJ,7YuLik,Owner
WxYdU1,ISNoXu,Auth
1TUhm0,1HTr4b,Auth
wnsyOW,tpUgiM,Auth
Jbn78Q,8fi74w,Owner
OuJaCr,gDwiCL,Auth
rcOuXm,6SQXi7,Auth
kLT1nk,jToys2,Auth
ELnJ80,Kb3FC2,Auth
DzckV6,cvMv5p,Owner
Yt5alw,xqZzpB,Auth
ooSUYq,Yz2A5A,Auth
FdIvWK,cskumx,Auth
C0XpdY,KZpw4v,Owner
Zcqtta,w30KXj,Owner
oBvLYU,3tyyx4,Auth
emqdSY,O7RA2z,Auth
ZRf1gL,CmYG17,Auth
dpijCg,uvWZUL,Owner
WcLAdW,R15XP5,Owner
GPTb3l,9CbcSG,Owner
wrlukl,qVz83r,Owner
qPxiR9,3zHiz4,Owner
8TSpFy,Zc3UTI,Auth
25SNgG,cIWVGq,Auth
HWgG7f,cjrx7f,Auth
y8E9RY,CZpPuh,Owner
1Z7sXr,1qRYAm,Owner
0CiGIw,uCN5rC,Auth
apv1Qg,oocuOh,Auth
KnxQEv,1CWCyx,Owner
c3iCVK,4858kf,Auth
Zbp8kk,8ZebYk,Auth
Ep94sg,pnzq8O,Auth
5bR4Kv,YkDSuv,Owner
KENOT3,XzNpgp,Auth
4ZM5tj,WnPR85,Owner
TayyFK,zDyrBM,Auth
mp1Uck,8Aj6el,Owner
kG2WQw,vh0AXE,Auth
K9J7MU,8arRgD,Auth
1ddkxc,GC9WBS,Auth
iQCwie,Q675Vo,Owner
zRN3Sx,ktah6j,Auth
fyMbmE,WbNLib,Auth
Yp2iIZ,iqk2GC,Owner
ka8oju,guzoLy,Owner
rNLthO,hvvDja,Owner
8L8Lg5,KDYKMA,Auth
BEbq2e,7ANzHA,Owner
tLa4yV,M6hvmA,Owner
bDI7Hp,QJ4LqQ,Owner
VeMSfW,tJKiEt,Auth
YS8nDO,ifqWUg,Auth
57fgeI,k41OZc,Auth
UtTe50,gcL2yy,Owner
Ete6z4,q4mObx,Auth
btZ417,wlzMek,Auth
MtMOEj,ugwttW,Owner
JjJvrL,QzXJee,Auth
j4T14Y,GGpYy8,Owner
7DjvUB,RPXdZT,Auth
MogT1h,bNs5V4,Auth
Kmu5rk,bTOvfc,Owner
dIlht4,r6orIq,Auth
3cjPH7,VlcpyV,Owner
LHGpit,J3YdP0,Owner
GrDoCc,REunzS,Owner
s4NSMo,GLXvtI,Auth
c5D3Fq,b3dID9,Owner
wzde9f,KoKio5,Owner
7auEbG,w0F2uc,Auth
QH8QxX,A4L7Hs,Owner
sLveVj,oPTwSp,Auth
KSF7Ib,Cc0Jtg,Auth
qpXsOx,mUTzNR,Auth
I1GdKV,JKvIeW,Auth
m52LG8,mkVVcw,Owner
PRiSW0,cEefQz,Owner
MXZYBD,g5Arfr,Auth
mMA9Ox,57pk7l,Owner
T4JsKv,Gqvn4B,Auth
Hv9OeJ,JB7Nvs,Auth
TURwgv,4eESap,Owner
YqmIUY,snAroa,Owner
0OEG6U,sTl1Hc,Owner
vgaigV,GlTYS5,Auth
713lzE,van1Mh,Auth
omGnuS,KnzknJ,Auth
Wra5X2,gRc74L,Auth
Hbv43w,cDf9uk,Auth
cV7v8X,jbI4qb,Auth
oNT0LO,BkdrvA,Owner
yz442P,VgfJOr,Auth
WHw55b,GCvpFd,Auth
evGnAw,dJGz5i,Auth
JobKBD,YORkSB,Owner
BGvYKq,RoukfF,Owner
tLrOxr,OWZSmS,Owner
m4ejQP,r00kVQ,Owner
67sywC,ZsNQK6,Auth
MDuU6e,NpmkX1,Auth
1kMlLf,ZmbxiH,Owner
dEmhCl,j5bJs4,Owner
YQpxCx,JaWQ0Y,Owner
vCoBrS,R6Vjme,Owner
kCtGRL,xJmSFV,Auth
xjj8NF,0SPlAL,Auth
zNuAhD,uLWnmB,Auth
q4g2ZO,z01tgV,Auth
VAeuMn,VWqu8k,Owner
1spqkh,pyu20h,Auth
9Q4IBy,7Tf8SZ,Auth
SPjMZs,9Wv5mf,Owner
94R5UB,0Ysjn0,Owner
gEzUBM,KQnTov,Owner
Zg5M4y,1LLIvA,Auth
LCrzXT,guEJ8E,Auth
hxOxp0,bVn16n,Auth
vCXa2O,kndmDG,Owner
Sak4WA,pKfmLp,Auth
003RAY,w3Askx,Owner
x3oYTT,yMB8fI,Auth
0JOHEi,dT83u4,Owner
c2MB8M,oqKXrr,Owner
0NBF6w,N1REv7,Auth
sOtPnZ,0WYTsG,Owner
Zcm1Ys,x6oW8e,Auth
n4BHk1,WSrh7E,Owner
n66sNX,QMkHgM,Owner
qPntVz,yK3LmI,Owner
u8KuYx,r7CnRr,Auth
xSFTcR,4MLdf3,Auth
dSgW43,YLphMe,Auth
Rg9S4t,W2JRTg,Auth
56n5F9,UFKnUB,Auth
0FIKle,qbDstr,Auth
panqri,r9rQsv,Auth
yaQE4P,d8h5LV,Owner
POK3fI,jpZ0Qy,Owner
xtd7c0,Y4Fa6w,Auth
vX5NCb,OX5Dfe,Auth
0qSIHV,Yzd4I9,Auth
IMg0x8,FiRMZA,Auth
0CKrPz,Y4Pq0f,Owner
Zp8VL8,w87S5y,Owner
aPcF52,zym7yC,Owner
OtcXKB,cJfGmb,Owner
G0LWBZ,uxvhYw,Owner
UrG71b,sRwfC6,Auth
Xyze2j,nZUUy8,Auth
8dvjnP,BrtZXD,Auth
GeMsnJ,HDezfs,Auth
WAvUyY,UZcUDf,Owner
hSbaNO,laazwP,Auth
Q52jgN,FOg5t9,Auth
VbKaSV,Z4ctaR,Auth
1fpZIx,X44jUM,Auth
s19Pv3,0kCMLR,Owner
enoZ4Y,InE8Tu,Auth
vHVSOZ,1NsXsQ,Auth
pFsejF,QCBi8T,Owner
hdUN7q,uU1bvj,Owner
a05au5,ZEKgEN,Owner
30rw6M,7XbwFx,Auth
BcrMTC,F788Mj,Auth
YtbsBO,PK87aI,Auth
0C90iF,pzFb2y,Auth
r6CHR5,aEt5zm,Owner
1oGi7N,NptIlC,Owner
2nkKoR,opGFzk,Auth
aaXAkd,Q9JF1L,Auth
rwlAoV,cVdz0z,Owner
9crkMo,cjKdu8,Auth
0NWoCM,6Y3VCC,Owner
CEzmPU,uR8i90,Owner
C95k4O,v5hsqW,Owner
rQsTXT,oajqmi,Auth
7u1NX4,QGYk80,Owner
M8I6Bv,BtpVpn,Auth
UjbNs5,l76Z8T,Owner
RP6QGu,hZbwCa,Auth
cJfesf,lSGbgN,Owner
OEzxSm,mEETGS,Auth
7XpB8k,0a20DS,Owner
fffZZK,Bkq6Xo,Auth
nypbRT,umAYGd,Owner
X9eV8C,syaB5w,Owner
4lYDej,AQigVp,Auth
OmNWmY,fLpOMR,Auth
rQiyTj,p1w7wG,Auth
fSOWMU,uSj1Ey,Owner
iALxt9,Yj7iWK,Owner
14AdVb,eOOUug,Auth
rJZeUI,Im9RIP,Owner
4a4SoP,ACPOb2,Owner
ThYR3W,ln0PGI,Owner
QoHS44,XzLEMc,Auth
TROcci,k0IetM,Auth
6tclAZ,gGsGD0,Auth
sz8fg6,k2boud,Auth
DVaPdW,DBWKiQ,Auth
QnXc8t,fEVrtA,Owner
TTyNa0,kfXuMF,Owner
WdcCM2,6oeToc,Owner
eJCgUk,WAl56x,Owner
35Ao8I,uqKvnL,Auth
gLkI41,xBXTZQ,Owner
wXWdNd,9D5XZd,Owner
FFtLzp,0mJA6M,Owner
QzqaCP,WNBGf9,Auth
MNkzH8,6hRqQH,Auth
BOC6c6,FzyWdP,Owner
0f0vxi,g8I0cO,Owner
vDLp3b,q4CGnq,Auth
iFyIQk,i5QMve,Auth
u0LmHy,4eJZ57,Auth
Blz8eE,xmYVkt,Owner
lZtcao,ZreD8E,Owner
EJMHmW,28vpgd,Owner
AFMTKC,zDKLIO,Owner
WMkWHz,qJChlw,Owner
5lB242,vG39NN,Owner
85J4sz,nzPgcO,Owner
TUyvHT,sl7iUj,Owner
dgiuQX,0LltWn,Auth
bHzLDh,txskb8,Auth
wp57bT,iVLdbm,Owner
Z5qPvY,OuGZ7e,Owner
y01w7E,NFEJxj,Owner
ByeSVZ,NhLE4f,Owner
z8bxZk,NcMPwq,Owner
h8pS4V,EF2arl,Owner
BP4YdV,pWSQWE,Owner
Trtkq6,uM4uG8,Owner
pDoEou,s3QYCW,Owner
YfOYNK,pbctUf,Auth
mbzZEd,CD7RCW,Auth
SMNq7x,G9DuEF,Auth
WOZOS6,rIF1dp,Auth
vrFhvJ,DMqAME,Owner
0wozw5,TYM1Ci,Auth
DXC9tf,CcCXgZ,Auth
50dSEU,1IFEX4,Auth
bS2ZJi,hpJyl1,Auth
rr34zq,YIXNxz,Owner
yHHs5R,I4GBvV,Auth
U3VdP6,2gYsTA,Owner
4sg7zI,WBgyDB,Auth
4rWAAv,19tuXU,Auth
v3OKCw,05xvPN,Owner
OnOrIO,AlE1Vq,Auth
Pjj7hH,QGYSzT,Auth
HbKlTL,f8rHU3,Auth
l5hku9,bmsQ3d,Auth
M2rGuA,azeFQm,Owner
Gq8g75,7gUmEM,Auth
ruTvNB,nkKE0J,Owner
EwdjI2,Kfyr8o,Auth
umudBG,PC60nF,Owner
LBBb0H,jaM3nA,Owner
8SUvwG,wnI0TW,Owner
1JfRNB,p5KEfC,Owner
itTJmI,0VuKWy,Auth
P35QeM,OwEvxv,Owner
WYmTut,SKg0U4,Auth
G5QEcM,bE7I51,Auth
DweM2r,3lGBh7,Owner
g81lwe,mBxxsx,Auth
2GiquC,JARbfy,Auth
SVb82J,ntnLMe,Auth
VhCMRS,ivprjX,Owner
kC6LNH,VTwK7M,Auth
IFBrEq,0Y5gC2,Owner
kEllYs,IBSfqy,Auth
MQxswK,VIONas,Auth
KUuRU4,xfMs3C,Auth
7TxbJd,yWxSZ0,Auth
URrMTZ,486v2u,Auth
69kKj9,yfgJWX,Auth
P0NcZM,r4rRGm,Owner
UdhWV6,XxyIJJ,Owner
ZAdysM,ysgBgS,Owner
bP3vA8,OA4OEN,Owner
jsd2tg,zblBFo,Auth
leE82U,6WbYS3,Owner
ORl8z5,M4g2PQ,Owner
wSFszv,dPrjUw,Auth
6XkxT1,JHcaZ6,Owner
f2hZX0,Zibhfc,Auth
xCaYrf,FhIQCp,Auth
G9NUW4,VYJ19m,Owner
74qog9,PihQFG,Auth
j1pKN4,jnm7hB,Owner
ud4py0,dVfcPy,Owner
73TlVN,ZVMdWy,Owner
8zxSKZ,mbBDoN,Owner
GT6YBg,Sf2LUZ,Auth
1EZJeg,rAmBzB,Owner
F3WaTg,1LNVed,Owner
wdYPzp,18sWhs,Auth
fLz8yp,J1g2iC,Owner
SyqANm,wCKf1y,Auth
TPPtrH,zRCG95,Auth
6EmUTJ,lIv2du,Auth
tb37nt,7N5QFK,Owner
NLARDP,nFXQDg,Auth
MyIvB6,COHMrB,Auth
nttytq,m63h7x,Owner
j6baZk,5gzf1O,Auth
uZLArZ,QRjVBc,Owner
8NeO87,caeQqR,Auth
uEot8b,Qa25IF,Owner
LUBBqd,jwXP2p,Owner
Pd7NcV,cz3ZCZ,Auth
gy20Qc,OShALT,Auth
b7G3Oq,roIhpf,Owner
pUdILC,0k9FbA,Auth
Mb58j5,PehOme,Owner
TY4XUj,GELcea,Auth
oTpEYO,xGkrss,Owner
JAuE39,ibMDDD,Auth
XvN2zI,6wJvqn,Auth
QQ3VIu,ceWDS8,Owner
cAfdJ6,tQF9EW,Owner
9zcpR2,yjmS8f,Auth
WJ0GLb,1BvYvC,Auth
qmjDJy,UBTk5L,Owner
YexeGZ,B5Eznq,Owner
yp3eQR,pv4v0f,Owner
GrxVVs,0Ag4Dp,Owner
WI17zt,7HUCa7,Owner
h6RHDT,Af6s5B,Owner
0wYgCx,AQQ2Si,Owner
bpEb6H,Yuk3d6,Auth
mA3uog,3a0Gk2,Auth
71ICdl,MC7GkW,Owner
IblQGA,1c20cs,Owner
JVd1bW,26y4jH,Owner
brna98,WYFvwd,Owner
zFs0Rb,Q92ecY,Auth
YzTqZC,EIVH4b,Owner
wHZRDv,PSmkxU,Auth
n06QSa,VtmzcI,Owner
fOkm26,EaNNA4,Auth
acFYX3,QDeIdw,Owner
NNjhPe,XVmY7C,Owner
GIEGx2,DIxuxC,Owner
kPKs2a,rL8z5Z,Owner
p3qkTp,cmWK0k,Auth
U7T9Xw,FinCnD,Auth
jJgNPF,aiPp8x,Owner
N9IpEM,B7mnqH,Auth
3Oh49I,2bicfV,Auth
ykQfg0,OftMdm,Owner
B7gwAS,vekdJ6,Auth
t4HXFm,11hqjO,Auth
3HvXuu,5HpIms,Owner
IwYsbP,fasBBc,Owner
1T4ABM,ZNtXYl,Owner
gVFEr1,haTYBN,Owner
6xAGKM,4AXooV,Auth
WGVQkc,UWvpDM,Auth
EsG7I1,kSjc4a,Auth
Q3qkKt,0edFm1,Auth
8boxiJ,xixy1d,Owner
oL2u7g,sS8Bv4,Owner
mxNDpT,0gr7Kt,Owner
bKsqgm,JIwOy4,Owner
Dc4jHN,LTcy4r,Owner
rHZeNK,3MoR0e,Auth
JKrVQp,GA7yar,Auth
HcNv04,3RcWTe,Owner
viLXxc,kNFJ4K,Owner
a0gMKo,7lAx4I,Auth
2B3ILo,HUyMMV,Auth
BPN99R,IouPWQ,Auth
RHeYS8,cKkN3Z,Owner
PKU4fC,y8BMl7,Owner
bcTXMn,x4q79Q,Owner
90JhWU,KeMS6o,Owner
Vtd1Uu,bpjjrE,Auth
k7SALi,3OjGYP,Owner
nAL22H,3ChTvC,Auth
vyhpcO,m4itmY,Auth
U2CyY6,u9v7iv,Owner
JhFPYa,zkVEYG,Owner
lH0h40,yo0kxu,Auth
VLjr4W,B9re9q,Auth
3WBiRH,iFROEN,Auth
eitZoe,6vuZn3,Auth
p4MR7O,iLcSq8,Owner
QaKOS7,59Fb4K,Auth
zxiKgA,l3HAeZ,Auth
P8fOyq,mjC9Hr,Auth
2eDJVq,daUoqg,Owner
RBzSOK,a10n5C,Auth
GYF0Zf,mey1vK,Auth
FVlXHR,X3AtpF,Auth
EUPGLu,ifmGOS,Auth
Kk81Si,QTwEJw,Auth
QLIIJz,wIhIeI,Auth
gKOnHc,1j56e2,Owner
0y6NOR,KfWQQo,Owner
CPXGT3,SOWzYu,Auth
82wfJq,6cgedc,Owner
hM8lGs,534Uu2,Owner
TGPZ07,8Cs4ur,Owner
buEkzM,Fr4GyR,Auth
stFccG,XFmWlf,Auth
ZNuiQL,dcBDxG,Owner
Itufgn,Ja8Smc,Owner
q8RaB5,E5MzUF,Owner
MM6UAn,iglPKD,Auth
z7Xz3k,3x91ET,Owner
QgmDeA,bgiqcZ,Owner
n0uP5H,BZoZKU,Auth
Qb7Tqq,P1ct83,Owner
6GDdZ6,vwtiiz,Auth
CUcU8J,6S3c3N,Owner
f9Ag6a,6CEFLs,Owner
C7Lrnt,ByFCow,Owner
PEkjaj,TmKT4O,Auth
Y2ApKz,aiSw95,Auth
QMwO4t,6h89T2,Owner
twtZOv,izqEai,Owner
MysO4l,XHQafq,Owner
vxANub,QrnwKv,Owner
retGQb,UFr74E,Auth
eXS17Z,XRYz7C,Owner
yqbpHK,FlN7ih,Auth
Nc3KoE,cWpie7,Auth
Re8LNL,f1l7VL,Auth
rCHFEq,YNd9Ib,Auth
cHExTA,oNbeEe,Auth
KhdT8W,szlnsD,Owner
Yqyb3D,jPVe9N,Owner
2jNq6R,Tl2ehx,Auth
hwJkMX,BiyDCA,Owner
XsOj8X,HfY5I9,Owner
viv2JV,3t2O5T,Auth
68e22k,mbCXS3,Auth
BPYoye,wC6FKA,Owner
aJENc1,9uhbhX,Auth
i7IR9o,HIVvqa,Owner
zIxvev,4u47se,Auth
WdK9EE,qt53tu,Owner
bIy27v,9r1vA6,Owner
7NY64K,IUxS5z,Owner
joBjiq,y0uksI,Auth
fFNxM0,CcYsLW,Owner
mlyWSx,Lb5KWj,Auth
xmq5RB,Alxpl3,Auth
K8H4xd,NAGLgd,Owner
u9Sa8t,SP0yNT,Owner
4ffspD,FqFHsi,Owner
5rhNtZ,ZATeS1,Owner
vU59wc,DIQynm,Owner
p9SQW9,wjogOB,Owner
B2H6s8,SkzN2K,Owner
4mhhND,0RnBLq,Owner
p1lie5,7I9udA,Auth
oYqgpB,ugFyUL,Auth
L0N2CB,01WuQ3,Auth
qylMRK,cXmChS,Auth
wK6q61,sLwgXJ,Owner
1kCGlx,dmOdkj,Owner
KRUYdz,j81cd6,Owner
wNHj02,sVqda1,Owner
LoTtgu,2b7Wmk,Auth
xmoo52,xgCU6b,Auth
rv2rBg,dHJMwA,Auth
niYs0a,ohzGOM,Owner
kmaZDJ,HpNcHG,Owner
TftbpL,jd0Vkl,Owner
MmDFtq,QWx7wk,Owner
Hyj9ai,mZ6ihT,Auth
eYV5Ex,UwHw8G,Owner
72COdH,npicsd,Owner
CVs528,eCLd26,Auth
kgMR3c,YycvpC,Auth
1iL5Px,kz4fRy,Owner
vvl7U5,RJByND,Auth
GvNCQQ,qs5jzr,Auth
CMnqBm,TOUWGz,Owner
MKAXxH,e3xhSg,Owner
zyAL2f,mFxCk8,Owner
NYDKZa,rpleFa,Auth
4GEj7L,HFi403,Owner
IrsnPP,2d4pSK,Owner
rGlPEu,avgK2j,Owner
ZDtp8j,QkHZQq,Owner
AeIibK,XBaZm4,Owner
4ED2Lo,d9pOxB,Auth
k0Ia54,6oNlGe,Owner
grFuNf,n2A02s,Auth
pY51N5,fewpZQ,Auth
8ry83x,RgrC7l,Owner
xjfafC,1l7l5g,Owner
VL23f9,S0Nvsc,Owner
Vwtg0A,5ieK1F,Auth
23RcKu,qtVb5g,Owner
vNY6Bz,dpL1QB,Auth
OsBLCw,UC0gPF,Auth
pMk866,LTAa17,Auth
CODw5u,2EW58N,Auth
4VyVjl,HfWkXh,Owner
qemsm1,uEEFwZ,Auth
Q1ntLo,srkRmr,Owner
r5rbpA,d2mYPg,Owner
r7HOx1,jVhlF8,Auth
BtjA5Y,7zrv8Z,Auth
ql7FkH,4PWE0M,Auth
1txsUg,GYgNjG,Auth
AFnfqX,pqZnji,Auth
hAD5kM,cV032w,Auth
04GnoU,VXMiPl,Auth
uwSmtC,7cXcAV,Auth
M9KB4n,o1dw03,Owner
LBtHDY,puNfNa,Auth
pozxbv,rQftXe,Auth
rVrPYt,iL38tL,Owner
4H8mTN,qdFNBS,Auth
xcx3ED,IUAnV1,Auth
M2yJv7,IY8Q6B,Owner
N2bTyB,2w7j45,Owner
H4mLKb,VvTHqc,Owner
DMH7i8,SeTMNh,Owner
gzv0Mf,Qd2gwN,Owner
yL85Mz,ljW64T,Owner
3IEHqL,mUnUPh,Auth
8fhXWD,rig0f1,Auth
mEhmL8,hoTJQj,Auth
ItyaBR,a1LZFQ,Auth
Kvoe8K,45G55l,Auth
8znItM,3RjqX3,Auth
qrD2F5,EhActu,Auth
HYLKqs,uVZKQd,Auth
8uD2qe,TCbMrt,Owner
laaN5b,XGtJbG,Auth
qZRo1Y,jNACnd,Auth
SyyDfe,sul3AN,Auth
Qt44lz,2W6Mo2,Auth
t3vMsG,0GVFRv,Auth
9sYOiH,x2LyUi,Auth
5G2kPx,OH25VF,Owner
96sDYu,4r2RBX,Owner
YvemUE,xGSigv,Auth
KaNSRM,6Rg5NC,Auth
bBklVn,52V8Sm,Auth
95HPIe,n8P5O9,Auth
uMTqQi,5ywutr,Owner
wFvWzI,WJmp7X,Owner
zHsqgC,cEcaEM,Auth
WpKL0H,fOlESM,Auth
CEWeId,BOsMhc,Auth
wjSHAp,Fk1EN7,Owner
oV2ds8,ZDhck2,Owner
fN7ovX,ioKBVT,Auth
g2d9yf,8MV3D6,Auth
tcmznN,amQqsw,Auth
tWGmEY,Q30Ohq,Auth
DtBPcZ,56Qtsi,Auth
FaQ3gi,PKV6cy,Auth
xeaod9,r3f6Gy,Auth
2ZHQNy,AOwzoS,Auth
tHaJPZ,dXlBo3,Auth
aOdSB2,69Z1ur,Owner
HYGhKu,4iPHkz,Auth
j5UFSt,zsWP65,Auth
YCxXOR,AJ0FKE,Owner
jEWZGH,RwAzmZ,Auth
dzJuyn,VG9Op5,Owner
dIPc4q,wlhvQc,Owner
mW1q5o,Z1cFG0,Auth
xwrAOM,vsy3Tx,Owner
KJbOVr,Z4vXQD,Auth
ePyfGt,jcM5hr,Auth
CiaIsI,4NfHH0,Auth
nCu3fj,X7DQzg,Auth
tFf9iT,YDrUxa,Owner
zxCHUA,RHhToI,Owner
dXrob2,oBcv6B,Auth
nSCUQC,glHBN1,Owner
XUUSc1,e8RHXw,Owner
OxWIc2,C2u4z6,Auth
pbCDB6,hOwUcF,Auth
lo7yzf,ymPau7,Auth
bw73gp,4K02zI,Auth
zS7qSd,xjOLOr,Owner
XKgeGQ,VUGMRO,Auth
pnZc3U,NLG6wr,Owner
uzDVFz,dD96yn,Auth
CR12Ob,IQI1RM,Auth
6g29Rg,RalxLQ,Owner
gUPTJe,34zrAM,Auth
64eE7w,wPjwnN,Auth
bioUZ5,t9Clp1,Auth
B8SIle,m2zkQU,Auth
ebILYm,CBYRMF,Owner
fxAZem,sEs2Dd,Owner
Mx7qDq,RmGdaf,Owner
rtvVNW,L1TNjK,Owner
8qIdiY,MJKHJt,Auth
vbJ9DD,92jspl,Owner
wdiDDr,Lp7ZAX,Owner
1Ouu7W,fNL6Lb,Owner
MJVIy4,nEeaR8,Owner
rf1WUV,w58R89,Owner
c8yfvY,HKANJ6,Owner
FzivHT,aHJxgg,Owner
6LhNx9,ojQs1N,Auth
ZOYTS4,VnjQ7x,Auth
l8Y4kG,7WNbO2,Auth
pmx7AH,wNssE1,Owner
ENBmOt,HB8ijg,Auth
trcUFP,5gx40M,Auth
iku4R9,LPHXrx,Auth
4CoXYM,UR4rp9,Auth
wWWNgt,vgr7zq,Auth
aaUZ9v,M8WQV5,Owner
DRpqOA,hnHGWr,Owner
J3LJr9,C44GTO,Auth
Bvrc4F,ApVFFK,Auth
a1m7hd,mIuHN3,Owner
RWmWJe,6GQLuD,Owner
pZE2Qi,cRhCN1,Auth
yUsfqQ,SS7a6t,Auth
iYREY7,fOfCdj,Owner
q4njMJ,6FablV,Auth
w9k6le,8tmJyD,Auth
Sqcg3N,TAXh7i,Owner
epDrtI,nWsgs8,Owner
idBLrj,VI5RI6,Auth
6LLiC4,iGtAox,Auth
bafP3v,vYYC78,Auth
XuXCoW,Y4djJZ,Auth
PHyjVl,OpT9oE,Auth
aIOFVi,BzIrOv,Owner
MYZbAG,1KP7av,Owner
v1iw7J,c2k5Eh,Owner
sajgvZ,Kn5bX5,Owner
4SJB9W,Gbl51k,Owner
WBReux,EeeM0D,Auth
7keRZx,xiJgNW,Auth
DucUdZ,nyKkJd,Owner
ZqZRIi,KiWhxi,Owner
7GZFcl,C7tmBY,Auth
O8gCeH,CV88s4,Auth
lOjtBe,IKv5T9,Auth
b574rl,1Y8cs0,Auth
yA2mYs,TPDegq,Auth
ErlmvU,ruOuJa,Auth
gmrXxy,BH5wi9,Owner
to3Vcn,Bi6zjb,Auth
JqM1WB,Q2pRRn,Owner
NNzPRF,i9eCCg,Owner
GB4km2,ucdB6G,Auth
5yHTaI,E3GMu5,Auth
QHcIrE,YAHRDW,Auth
Rg4ojH,ydK18o,Auth
mkr5I6,EjkpxQ,Auth
FSZkZY,6oSz3J,Owner
CBJGUI,MChMrE,Owner
VoAtLY,IkRF6B,Owner
KVC7Sg,GLLUBU,Owner
K0HFZW,nHv8rY,Owner
2th14S,BFPd6a,Auth
fr301S,HSUlaZ,Owner
7ai2Gk,gtq0Z1,Owner
bhVVd9,rG0T6S,Auth
IiCV7P,ZCQyJt,Owner
5mdgPU,pdQDiq,Auth
6qE3Lz,5ubu6N,Owner
EZUQM6,RPYnZH,Owner
mpENgG,Qs9nQa,Auth
qhWyPp,iA0c78,Owner
HGWq1C,rnLmiP,Auth
X71xmB,21Z3XL,Auth
dCcffn,6LnGf5,Owner
d3R8sY,xIB2Us,Auth
f8tJpF,m0d1UE,Auth
F7tuXV,Z80yum,Owner
7b7Tsz,f0PEZL,Auth
PCdNBn,hySXI9,Owner
5BHngb,Mjnj2U,Owner
dyHoVu,7IXzmB,Owner
162QY2,Z5xd6z,Auth
yAQIaJ,ERjh8u,Auth
3lGerC,IPW66l,Auth
GPm1PP,KXuXw9,Owner
BhxKST,2C6Jq3,Owner
q6HbVN,1cbUVj,Owner
sWnNNp,cBq0cD,Auth
A6bHAw,Jgahsf,Auth
0upLXO,dTK1wm,Auth
5r9t6y,757kKK,Auth
VtClOS,RZpE06,Owner
Net4ww,B8UJsx,Auth
gVADak,LAkfIY,Owner
Z03qhY,eiERBi,Auth
RmzEGx,5m4wIM,Auth
FKPmgA,UaEFD3,Owner
N2tVhB,fnklFZ,Owner
uX0jma,ztqtAO,Owner
ZnpfIh,jOHj8L,Auth
5vk7xZ,MOIRAD,Auth
xScVee,bXBgGw,Owner
qCfzA3,ozuRdp,Auth
v1KMKw,bZXyc6,Auth
XN53Bn,EjN1fN,Owner
z7kvGH,ghg7lr,Auth
9JJ7kB,quHtR0,Owner
r9M2nD,7xdmpm,Owner
YvmlLG,uqhs4S,Auth
cblBGR,BkY78V,Auth
7xR5MJ,lFmxJd,Auth
frAGsd,Pz2wqe,Auth
5Xbn8t,MNEChP,Owner
j8ZnVC,tA11Rg,Auth
d2zXtO,2uZlXq,Auth
RRshDp,qpBbR7,Auth
eLBQQb,474p3U,Owner
u5mGH4,vsJLB7,Auth
IlBwwZ,7uM59i,Auth
CtUByo,QptjM2,Owner
9G0gor,UGTBph,Owner
jke8sl,skSU3Y,Auth
31coq7,wfGZ4T,Auth
B9QsWK,lobN36,Owner
KVxpcM,cEBVVK,Auth
n6Qn4t,24ppQR,Owner
bBMVRY,oR0MM4,Auth
e9ZVCn,So0wLq,Auth
R9HcWW,Mrrbvb,Auth
J9lB0O,QEJKnN,Auth
QAEXdK,9yF8oB,Auth
ditPvd,zjriK7,Owner
HYvFAK,9HlTsR,Auth
yGHRsR,rAdXjC,Auth
fetOjj,bvraUf,Owner
sbDJ3Y,H0u8V0,Auth
kcWWZm,egrdEE,Auth
0Ih4zj,Gf80pl,Owner
4OlYSL,pSQXI9,Auth
WjqxWi,mCwdwP,Owner
2ToMwY,FoVzEl,Owner
w1fIqe,2K5ZCL,Auth
PgmOZ2,4L3lB3,Owner
8tAH8Y,TeaW9f,Owner
NpKvb9,EcjYsk,Auth
4AKfC6,LDqd0c,Owner
UEySBN,nuV0yB,Owner
BqFtMP,2SE1eE,Owner
4mVpQ9,zQAqE2,Owner
bqiQD9,Y7Sk18,Auth
2e2FYc,6xoQ5n,Auth
awJpxF,wV5064,Auth
OUextZ,zKgglR,Owner
lBBpea,05SYpG,Auth
0yTqFO,GmVuLj,Owner
68BgbB,DBd31E,Owner
8wiUHr,QzII2p,Auth
YcZzmB,dyzcOo,Owner
tXbpCs,rXrycf,Owner
7uDUDR,1kjQr2,Auth
bAqaW7,K7UImX,Owner
S237Tz,CUTvWw,Owner
VFW4h0,MGQCI0,Auth
bo2RCN,ThRKyu,Auth
mJQ13t,YHu0MB,Auth
hNM6oB,DvRU1l,Auth
TyvdAw,ID7L7j,Owner
AJ8GFp,5Rud8J,Auth
Ly4wuU,G6GhzO,Auth
xThRdX,IdY43J,Owner
6hFKAc,BBdmOA,Auth
TfRUZ7,m67Lqs,Owner
PFXCBS,zvdHSR,Owner
IDRHTc,hVcUs7,Owner
AnkMZ8,5IfsVm,Auth
ijfIz9,Wcj9kS,Auth
XXIoLn,ZznotP,Owner
6ngCo0,ePvNWY,Owner
FErYT7,1iaoWz,Owner
gXthJ4,ZdPIeC,Auth
rpw9Ar,c4XXkt,Owner
dhqy6U,cE6U8Z,Owner
sCO42C,NaWFN3,Auth
N4XYP8,ACQaWf,Owner
N5TcAK,QhisAI,Auth
7W6EDI,1kTVCe,Owner
80iYR6,gEqn7R,Auth
Agp5R8,LJWptT,Owner
3d94WJ,nexVs3,Owner
ZvXwZZ,TymfhJ,Owner
IN4FUJ,CrkgZB,Auth
oum4b3,iJNYkL,Owner
asGglq,tjxrjc,Owner
w9AstS,2eZgg9,Auth
oWdWig,8MlBsi,Owner
xcKHZ9,B5avQ1,Auth
VqB50V,1D5dAd,Owner
LUOmNi,uJ3T3J,Owner
mniC7V,7Ekynx,Auth
tPFHLi,ng9YEv,Auth
trlIki,LtMsRV,Owner
oSRhME,JYovoX,Auth
fppNE5,emzrCF,Owner
bmJQsz,PXT1FM,Auth
BQvfpi,Iayu8w,Auth
FzE1Qv,a6rMvv,Auth
Qqe8YZ,DzqCui,Auth
V6edHN,aWJIWh,Auth
gjnOB4,Pvk63G,Auth
blpUHS,dtioK3,Owner
URMeZt,0nmsJr,Owner
rDd35O,RUqUcA,Owner
6xScar,cdaI3I,Auth
muIKj2,hbrFxJ,Owner
9QzTT4,n7aHB4,Owner
32a1t5,tY6nd9,Auth
IRk73s,ssdXEj,Owner
7ZDLYF,OVS5BM,Owner
DHM7GU,vKZxq9,Owner
KiEdFQ,asrqDC,Owner
vecKW9,flo1YE,Auth
0jdsNc,7BvhLo,Auth
IfKbMZ,Nz8eiD,Auth
ZJOG3L,9vvsRJ,Auth
TeJ3UY,c0aojo,Owner
dhPSb8,0wItYZ,Owner
YYRKjo,FGqotZ,Auth
dugG0M,wYvSRx,Auth
vnUKcy,LL4lVv,Owner
MkrIvY,ELQlQq,Owner
VBNWZk,nRGgCK,Auth
PtI7Wz,xqqDOi,Auth
7zmihu,SRSqnZ,Owner
N9RdPE,kSq9E0,Auth
83bN7s,ChWu7x,Auth
ri163g,06conR,Owner
OH0mvD,MqGL9R,Auth
EucZ7q,CSCD9j,Owner
o53gLS,hVfFVe,Auth
7xGwIu,RB8rUD,Auth
C2ofrl,DABPzw,Auth
wfWOXI,zX9PDP,Owner
BBJILs,k94ojT,Owner
85PuKM,aS7jTt,Auth
eWWuGk,81Kqin,Auth
PjrjlN,2uIDT7,Owner
M4F6qk,l4Phwt,Auth
gcB3CI,BWsQz3,Auth
sZ7GBn,0O3N8i,Owner
6zx4wq,huFxAZ,Owner
qyM2qc,4k5v33,Auth
nq4SUU,mfY9op,Auth
SHAXCB,OONErQ,Auth
egKbH0,TEZm4z,Auth
a47FCn,LsdQNz,Auth
VLkECq,E2FMWL,Auth
iU0HZG,qmeLwp,Owner
Bl2Bsl,nS3DGe,Auth
KfRwFq,PNFVmT,Auth
OUcY1X,WM73jX,Owner
TvnZfU,9WwXUG,Auth
6YBHqI,Uwbk1O,Owner
QdgKoU,7i6Opb,Owner
GxUuoa,rhCkp5,Owner
NEUkHo,IILj5v,Owner
8FXgTx,sn61Fo,Owner
vSsx7x,eIs6Is,Owner
1pOpl4,9wpiax,Auth
n6W5dU,TKQJMQ,Owner
R8mrMH,KBdGmr,Auth
6uKOtQ,C8HP6D,Owner
1p8zSD,HYlzys,Auth
NxlyK0,rvHcE6,Owner
tixnoZ,Jj9rGD,Auth
JosP5B,pXdukR,Auth
PpdcXE,QvWgnl,Owner
IUIWZT,eoto6o,Auth
qzVhnY,zZw3lw,Auth
McM9Ts,8Sez1W,Auth
5JdecI,VKhUvw,Auth
z50AKH,TSbBNM,Owner
KmXfrx,q6mg56,Owner
UqRRxV,eWqdzX,Auth
bo2RPy,LGKtKi,Owner
X0w2qr,pZExFl,Owner
MR56dq,QM1fSt,Auth
xFQiJI,vGfG65,Auth
6R6hZU,tkpzQg,Auth
NWyVQK,GgItqY,Auth
3TdXS7,HEpfty,Auth
Jdqxex,2h7A14,Auth
yVxV3w,FMByEY,Owner
OKKVZa,Lnuy0O,Auth
46JQZd,OVBNIM,Owner
16Gp5U,jy7SXg,Owner
PIK6zl,XrerTG,Auth
mEn4By,sgkmHs,Auth
6OMqnG,4W3zE4,Auth
9I1emo,nTtAud,Owner
zClj6P,oGattk,Owner
h9burS,OFveuk,Owner
T3zpGj,r4RjZJ,Owner
lUmtMf,dUVXrJ,Owner
QCRvBh,F011FC,Auth
zDsm4t,zofmbs,Owner
YPdt9g,c3bHNt,Owner
0Se9NL,lE5hKl,Auth
Cwmx4O,YaahWf,Owner
aVA7xe,x2ekRw,Owner
GYsCNh,uOJmWa,Auth
5yCvuF,qAu3fQ,Auth
uNrZ5T,WDMoAr,Auth
VOJuhq,LDVxf8,Owner
9TOmVr,v3EN9p,Owner
wXpgnY,XQ1Rkr,Auth
X2r3eI,obIiaT,Auth
KFXuxh,WD9Vhv,Owner
gxYXF9,Q8Y0fQ,Auth
t0DsMR,9IcsS1,Auth
P3QDsr,eWMO36,Auth
d3wygx,8JCfCt,Owner
1kRFhT,fw501t,Owner
dWYPLM,2U9BCM,Auth
IK2vcH,Qf4wi3,Auth
mNqAKc,W63wvR,Owner
nNHT7R,qJMlEp,Auth
uZ9l6r,d04NUK,Auth
rQmkMh,kLSK51,Auth
cbUvvn,PVUURa,Auth
xLVf6t,F202Km,Auth
Qc2NdP,1zDTUc,Owner
rlIJJj,JJsNJQ,Auth
PD0fN9,rvOseO,Owner
2CTICX,2Psx48,Auth
Js5vD3,EWHfI8,Auth
VjF94a,N4brLY,Auth
x339eB,qgWmIT,Auth
bbeI8h,MNPjwi,Auth
EesvB1,BO7mxM,Auth
CVHibg,eaDAa0,Auth
VQX5CT,PQJ9Cx,Owner
xAzjx3,8wpiDz,Owner
7tdKBJ,I8VGk0,Owner
S5wOf2,3yUhqp,Auth
5TS4BP,hp8eUy,Auth
ZMuKjO,1Eb6x3,Owner
LTvCkt,dQKmXI,Owner
YMiOOc,vtpw3K,Owner
EmOZRy,R2DRzH,Auth
tOlVIx,3o8neK,Owner
u7KT18,tWXNSj,Owner
B8gjhY,7AEzml,Auth
hktElK,WZFOvn,Auth
NjJE3o,Bn0t2s,Owner
lDRcdL,lwfByc,Auth
6LLoy4,tsvS8w,Owner
kNyBMa,2jaeEH,Owner
MXESm7,RXawZR,Auth
p3Agvc,BST6Jr,Owner
BW3iRu,3i7Uli,Auth
ydCGso,sNeFpt,Auth
1iKOFH,GYJjly,Auth
pId9ds,52mFcV,Owner
YtA3Xi,q41j7z,Auth
oTFbsz,MkcweS,Auth
FQMgiD,LSnNip,Owner
Knsv8F,lT7ub2,Auth
Vif2mN,FXD8g4,Owner
ZAFw0p,cGLrbU,Auth
d4otXA,CsnmbG,Auth
8yDMEA,QueJP7,Owner
FWnZhg,NEZDVF,Owner
Cq4qAF,XVwoEC,Owner
9ti4jd,s8oST9,Owner
DiDSBt,xSWAKy,Owner
j5eEr4,4YbHWI,Auth
VKquR6,c3au3m,Owner
TMNMrF,3aamCD,Auth
CX6hYA,ICKzuX,Auth
D3VnCt,WCdOok,Owner
p5ro9B,4y02XZ,Owner
X31vsF,Me7onk,Owner
zpMsEN,Srx6ef,Owner
ng0vwd,OBfKIe,Auth
uyhpz8,tBJMLS,Auth
wDu81R,fJFQ8Y,Owner
pcfgBQ,2JzN6I,Auth
D6ejcB,SmF5dq,Owner
2d5ZOi,YzhsBO,Auth
j83Dvc,GxMkE5,Owner
iGan64,UHxLWt,Auth
iOfekC,qkih2I,Owner
aUc4Og,qyJs82,Owner
hSpw2g,1Rqxgw,Auth
RZqOv8,jauUGc,Owner
zEIeeO,gD5gst,Owner
86IimY,q5lwdc,Auth
qijtry,FjQrqS,Auth
wydUNF,kZf2WX,Owner
TAz8nV,LEWAfz,Auth
nJnqnB,R1t00N,Auth
vDgQff,QfYl9o,Auth
tAYVTL,j09KMK,Auth
QicXsq,x1ufKZ,Owner
IoiCir,gs3fJ0,Owner
J6dXas,f2jqh5,Owner
kbAWVr,0kaaiJ,Auth
guIDr7,ekD6vX,Auth
NSZ19t,RZmGj6,Owner
uF9UlV,15rISO,Auth
VNxvUH,zMzQlU,Owner
YguDqy,aUyoY4,Auth
irq96V,DUtmXD,Owner
KBXv5o,rqxnYo,Auth
GCyXBH,yAFw3K,Auth
Si8GjL,6UTKNR,Owner
Ankjff,KJT3Cs,Owner
bH4lvL,Ip9CFO,Auth
jyghso,u7omXn,Owner
sb0nX4,f7lQqK,Auth
QxOkYa,hri2wr,Auth
fLkAnN,CmTZO4,Owner
daS1Y7,F1W3C2,Owner
kwDjMo,qYt2pA,Owner
TWo1fZ,9AWXNX,Owner
iPLoyE,Rn5acX,Owner
PKuukG,e97len,Owner
7TrmJM,IEIjYS,Owner
9PeF0L,cYGP2h,Auth
FaSrOa,vb88qM,Auth
riQ2nd,831YFD,Auth
0VV0Hh,WDrZKb,Auth
TBPnXZ,n0qQEw,Owner
Uu7IFQ,RNUUBa,Owner
AGsBja,FWLZDJ,Auth
PMuAJa,IrEpVo,Owner
LBypjq,Cy63Kl,Auth
cyDbdZ,oHCj1c,Auth
wdZk9b,vUnISC,Owner
vUY98R,8DNkuU,Owner
cxCVJL,amU5as,Auth
tkcCAi,Dq3Lxx,Auth
Nx4axP,FuxcU1,Auth
VsGVLw,hyok8t,Owner
DaS3HR,CVK5ru,Owner
flROmi,RfjTvV,Auth
W2a8rX,AuJIBp,Auth
2oFReg,Cti9fH,Owner
VfWYMU,OrTvVr,Auth
M9YCY4,QKlFJA,Auth
GjoxV6,uyr7UL,Owner
0IjQo6,vkeaxq,Owner
5VadqJ,hx71Xs,Auth
knOdug,X5obgW,Auth
1QaQNF,BJVM3P,Auth
2V1cF3,2lMqNI,Auth
BvgFWX,ThUghj,Auth
tTKrfR,GLMmN0,Auth
tQtpD2,6dPVKo,Auth
5plHIZ,b3EFwl,Auth
X0KWBZ,Zm54kE,Auth
RzkIIn,VoKVRF,Owner
6f03dc,9PjWdv,Owner
SpaHrz,Fo9Wyi,Auth
G58fhh,nzNnon,Auth
Z7vYS1,QaPFgY,Auth
DRzve1,iMB2BC,Auth
BPQr2S,5Bfkho,Owner
HBn8ud,g6U265,Owner
74gPZB,j0eT7l,Owner
nr8nyS,o8PYlN,Auth
G493yG,d1WVTT,Owner
n6Zngu,b5rrhk,Owner
b4JmT0,8LUhrr,Auth
XlqB0l,n0qGYf,Auth
RnKlwt,pTyqV0,Owner
fm0MjB,JUYlk3,Auth
F6TKM6,YdQr0H,Owner
TiwhXt,uTGIeU,Owner
X1PBTe,IXhIGQ,Owner
wFoveO,6wGzwr,Owner
jWDRJz,KzE6Qh,Auth
thGFpX,tzFWZj,Auth
eipB4H,b2CIpv,Auth
tYXe35,2hVB1v,Owner
9CvQ3K,ydISVR,Owner
81bYfM,SgWo9z,Auth
nGKXws,R73wNb,Owner
4dZ6SX,36qlfk,Auth
2Vx0rN,3kEiX7,Owner
1iNx4N,nlpr61,Auth
4HDn6V,0WNQcc,Owner
Wqn59n,BXylO5,Auth
GwsxVt,CsOlwW,Owner
6xBpTA,NugcTU,Auth
atcFXe,3purDj,Owner
uEXHF4,7Q8Vb3,Auth
tD5FMW,Rw4KiP,Auth
Oe9QTD,EkIKEf,Owner
z5rCKr,eoFZBJ,Owner
qWVMps,f7KD7U,Auth
4krKVp,mitfNa,Auth
fmZrPR,1Jah34,Owner
OBWO6t,bq64ZY,Owner
iL9Ku4,06tM9q,Owner
2X5AAj,CHL1vW,Auth
lkQOsD,jW8Q64,Auth
i0fUNU,WVUayh,Owner
JTBjO1,wbrTZz,Owner
U1S0DS,Gv9RHX,Auth
UVDEOj,hyr2R2,Auth
zitIxg,wq2QKb,Auth
b0eWES,t5Q4mS,Auth
xwhs2f,6AuLfr,Owner
3HkMDQ,w2ioLD,Auth
KNMWi0,a5APnc,Owner
a41sqD,DNNKyQ,Auth
LyW4f4,QHiypF,Owner
EL14qW,N9MRhm,Owner
gq5B4A,RAPKmM,Auth
vPgPqh,yFsvwz,Owner
MTtzQL,tzNt4v,Auth
1fL4rp,jFNCag,Auth
7Dbb3f,bYdwpq,Owner
VOkbEA,lmnqI1,Owner
YANsBN,kydqJ7,Auth
ymbqN2,GXKivd,Owner
higsCu,UNpQi1,Auth
FIgzCl,TR8Irx,Owner
5cL43t,89BJcd,Owner
WnDYQs,UyHJzR,Owner
L4wjJn,LaaK6M,Auth
n9jdGE,jL4Q6g,Owner
p4Nxar,x8QR8O,Auth
ErZqVp,n56sQg,Owner
kIi6JJ,EHZhIE,Owner
WIdx1e,j13MWM,Auth
udPLWk,5VPZrZ,Owner
mdkMHH,azznSC,Owner
br1VtV,KHyT09,Auth
O7jeka,XqsKkS,Owner
T29Znr,TO29wg,Owner
ySksSX,dUjW3E,Auth
5aaSrN,WBshGi,Owner
AiDIoo,2JYpzM,Owner
EFdCAZ,az7tCu,Owner
vgaQbn,JueF9U,Owner
lO2AOo,yMla25,Auth
77f0Qh,RPMo7t,Auth
cu8woW,BKtp3l,Auth
c7vmym,AVBVBI,Owner
bWE1N0,Q3HBjy,Auth
zFVB59,bg9V1w,Owner
K7eKqe,5m9R6O,Owner
fYc6cn,Kcwuml,Auth
XtD6EM,2avTbP,Auth
F3D7Ha,4PQj1k,Owner
gl8fQ3,vl3WFS,Auth
aEgvWs,gaGE2I,Auth
dC2RRy,38OnOs,Owner
2Itlod,uvLz83,Owner
oyyL5V,tHARDH,Auth
2SPF4y,NgKHnx,Owner
CwOH0W,5UHxpC,Auth
aXFSid,4wxGXu,Auth
kytd7l,qGhIQW,Auth
ZCB7Yq,MQvqZE,Owner
alodks,v2VLo8,Auth
5ZGjmL,ycXQLC,Owner
MELivE,wDNX6c,Owner
qEOoWy,q0G4Hn,Owner
VbJGV7,v8jaMV,Auth
eguaiy,PgOGVs,Auth
0VVj0C,bLlj35,Owner
G0KKp8,kQFPJt,Owner
q7QYBH,SAmDTR,Auth
YKESVQ,dAx8t6,Owner
JO9gYf,RbNtpL,Auth
lNYwpK,ay1X60,Owner
eSCURS,9dUYUk,Auth
XKJUEe,06B7Kw,Auth
3nydb2,FKetRV,Owner
ITp54u,9Reuvt,Owner
J0m56p,nsousd,Owner
AYW6T7,54fIB5,Auth
fZyrVQ,ukEosj,Owner
fXuVwt,PYsFnI,Owner
s74OwZ,00ePcp,Auth
KohPpj,FqoBcA,Auth
nvz3R6,ggQZ8q,Auth
u4zu2W,riVtLG,Owner
PmaS61,cleU9N,Owner
kNNALR,7g3YDr,Auth
S0IqxC,ySCF4N,Auth
f4F7XY,wktXjg,Owner
UkncSZ,5peeT3,Owner
YHDeKw,J3zYan,Owner
pX62yO,noUfJT,Owner
RLRMRm,Lvx9JU,Auth
F8Dt6W,lf88FM,Auth
N1sd44,oD3VIz,Owner
tjdBg4,GXDyK5,Owner
VkaLqo,Fp1iJY,Owner
ORyUJk,jC3xAa,Auth
hkjcwI,0v1rfx,Owner
0kFa1c,IfNc8v,Auth
JhPORR,05IRKf,Owner
mv7FDk,RrtaJk,Owner
Z4rSh8,WuFjEI,Owner
zt3ro6,Ocf6h9,Auth
fXnvYL,KYCt7w,Auth
k4H4Ep,zIaPvn,Auth
QGuAsE,fnUigm,Auth
LKt3sF,6zZIya,Owner
JuPwTY,UYju8q,Owner
VnYOZL,D8XYRa,Auth
YSXL1X,GDetFq,Auth
c2ddgm,sJowLs,Auth
MssN7I,btIqNq,Owner
Sm92hA,zdvNba,Owner
W9BYNh,oxBcUV,Owner
vQEEQK,YoZSo5,Auth
GGJgs0,MThuVw,Auth
ATJGHn,XsdJyN,Owner
lReoTd,qLfdkp,Auth
vtvHGy,7lyJTh,Auth
mJ7d6W,QYN5HN,Owner
v9S7SO,lA29ii,Auth
SH5Fsr,tNTMXE,Owner
sGVliE,xsR6xK,Owner
ezuN71,6lY7ZX,Auth
4mfWyV,qUGodY,Owner
G0pJhR,Nz7hW0,Owner
Yx4AEM,k6Fyp5,Auth
TVxJB1,XE0jow,Auth
Ca6x6K,2GUmAT,Owner
cZJCHS,rg0Z9k,Owner
W1ttx6,LtN3zT,Owner
KARTwX,GzCfwv,Owner
DvLV8y,GHWddU,Owner
oIO1Od,Cni8C7,Owner
ODaTn5,TBpCdy,Auth
cZ6kEx,KB3CH7,Auth
JdZ4Zk,6EUMZt,Auth
fnPQmH,3221QQ,Owner
0WBZxm,dLgzaa,Owner
0Hosbv,3AN8Am,Auth
tvDUPY,psBtvN,Auth
cGEYCP,gQC3Ri,Owner
zvCbyZ,jnUtga,Auth
OOeSej,Es2LKH,Owner
Lp6ynL,PNcITS,Owner
SokuNm,SQF10K,Owner
mPqA5Q,o8S5P1,Owner
oKFiZl,IDgTFb,Owner
2NhLSo,nAeP9q,Owner
m2CrWP,916Zi3,Owner
iiVBCI,UkDBCS,Auth
HquSUv,OpHd80,Auth
HrCxYw,EcytyO,Auth
VYUiXV,kV7WUn,Auth
2axNuR,WUGrVV,Owner
tCNrMH,m5BFGD,Auth
RawBJO,0mYLuA,Auth
0HSbve,ZYGBPh,Owner
ZJHEiU,AFfmSz,Auth
0Lq8Ig,qfXzqt,Owner
8fGUbn,RKVHsu,Auth
V8wypA,FzJYMY,Auth
muCgj4,8O8uVI,Owner
r48iPQ,1cQrsc,Auth
zwAWUR,zWWkAO,Owner
cdO1Bl,pgXVVY,Owner
cu5PvD,j6ifBu,Auth
bkmVxz,Zyri8a,Auth
G0W1ge,s8f9jD,Owner
oLoHyW,zMtetO,Owner
YLWODS,A1iMFd,Owner
Rro8lj,JAyXL9,Auth
jTyYiD,vpZarG,Owner
KCV1PP,BmUvZM,Owner
yiRfgT,Z84g00,Auth
mPEUFN,ieknuA,Auth
5wVlne,ihLtPX,Owner
XdOIPU,0pmooU,Auth
xqMpDx,a045Iv,Owner
a7pwMZ,F8s3Un,Auth
csN5kP,RBPjhN,Auth
wFgSom,syFESP,Auth
nosij3,mVBuab,Auth
L7KLB7,dqNw3k,Auth
LpTpeH,PLZB0J,Auth
k76Sn9,gnKkhW,Owner
n1TIjM,w2DmLJ,Auth
6c5Li1,XMadyk,Auth
vIagfq,pJJfTg,Auth
kgOa5H,NE6a8a,Auth
0NkQug,gCy0CW,Auth
oTzaCb,I7ZcP6,Owner
IGaGb5,XOvBlY,Owner
9ltmJL,RpnQmW,Auth
uX3NEO,lLuXVV,Owner
VE8vKk,XwqSyV,Auth
t2R8mz,Yy6dME,Owner
IcoBnr,oQH2OF,Owner
9Q6K1J,Zu9SRD,Owner
F4pu28,OEGAPh,Auth
5lcR3P,yISly4,Owner
5143Ti,oi75Os,Auth
wUNjYD,tTDoGG,Auth
pa4ivK,oBaPlD,Owner
HPRx0c,qMjUKb,Auth
Mqjb8f,BenvSJ,Auth
KWmZ7o,hwZVnr,Auth
dbizte,7Hp9hW,Owner
DDYQ5K,AUdjmr,Owner
oNMjdN,Begxhy,Auth
Urr74m,UC0SgI,Auth
adZBuu,znRLPo,Owner
tKfc9p,58YjGH,Owner
y2CQBl,StclPP,Auth
qLHejn,6GtaOk,Auth
R9MiTb,zHFRB9,Auth
R6QO31,FFyjLu,Auth
GFCVRT,zt5m9e,Owner
pZ0AvY,7aJYer,Owner
5oBUmq,rWd0wp,Auth
5hMMQx,U7tw0r,Owner
KvT3LD,rx4clA,Auth
XCeCst,nv5Kky,Owner
YRh2KC,7zODoP,Auth
xT5uTr,MJzLZu,Auth
KAjyNe,79PEPd,Auth
hI7VCg,cQ3PWL,Auth
uPwpEn,VzwAWf,Auth
6MTEsq,r2YFg2,Owner
C55QUQ,9GPGRQ,Owner
cVJ9we,yxtkRu,Auth
BeFemc,Y1a2CM,Auth
xSBDjp,0i94dl,Owner
AWItjo,eIzreP,Auth
K99VDq,qnEAJz,Owner
t6hvtL,lFYCUW,Auth
ODn96x,hlQ2lk,Auth
1rxIU2,V59xmp,Auth
QAjwzE,SG0LMC,Auth
D2G5m9,LifGib,Owner
od6Xz3,e8njjT,Auth
dsvuET,eauMye,Auth
vu0zTD,3nrZbJ,Auth
ePPB7D,hXNcdi,Owner
CbhZLN,0cs0Nd,Auth
a9sBqU,EcFdwj,Owner
eahK7L,252bLN,Owner
fxh4H1,XsWC47,Owner
7dCkHf,UnkCPj,Owner
2k7r0O,jMsvII,Auth
mjSO01,idWA5Z,Owner
V0AAPk,kQadlx,Owner
VapemW,yXaSaO,Owner
qiTO2S,zkP3Zm,Owner
GNyv6H,pJKSt5,Auth
NsSN8O,YZMYQR,Auth
WmtXpt,YXaZ61,Auth
vKzGbq,q8GvqF,Owner
rNjOeX,VdGrUv,Auth
bVxbhB,UV4guR,Owner
oNPugB,xXrXPY,Auth
HJgMLw,ZlVVpD,Auth
L8acNF,Gqvj28,Owner
qyIGX4,mEFx8L,Auth
TuiQJy,uwGKk1,Auth
9uLwji,WhLwIW,Auth
VvmC3C,9EcH3N,Auth
tkfolx,h3H4Gc,Owner
40iU9c,wZbArx,Auth
e6uvtH,jAP6XE,Auth
0JDkDb,2TMjW7,Owner
AF8Hdn,VCqKO1,Owner
j4n1GB,G6fCZZ,Owner
MiMUqp,fuUgf4,Auth
wIvnsf,4l2DO6,Auth
FV1XVL,PYvhQO,Auth
WNPC3L,wP2KrQ,Auth
grxWL9,K2kJnb,Auth
pbBAKh,usj6EI,Auth
Q6HT1q,IU0vZw,Auth
3Zh9Hi,KAoowN,Owner
9GN4Qb,0bnCrS,Auth
l5p0AM,R4Zm83,Owner
OHlbZo,Elp9E3,Auth
DoW7mP,AQTbnp,Owner
ihm3py,rZSG8Z,Owner
n7Tlry,dUwSlE,Auth
BcQHSO,yvAiCd,Auth
4Oux1O,zwobo7,Auth
h11f3Z,bbku89,Owner
WMjDoI,C4uN1T,Owner
ZDOlrd,Gj7RSK,Owner
PdYfUm,j8tE1c,Auth
hZjl52,Ixm1cB,Auth
0v7SNq,P6KF5G,Owner
ObXHe1,Gxvwup,Owner
F5UHEm,pxBkAm,Owner
ACDifL,E5zHhq,Auth
oCjD7c,DRBksP,Auth
cJxO2f,0ZZWxj,Owner
6qGFcb,oL8EuN,Auth
aOQ69m,POhrwo,Owner
hHuWRL,kAQjxU,Auth
alC9sA,uYkK2P,Auth
s2Vwn5,kOQTRV,Auth
DFFAov,cJ5nsi,Owner
QzGoIP,etn37H,Owner
bVmDdx,eNraWt,Auth
KtwKVU,fTdwRV,Auth
I5sLBA,M4Uxgb,Auth
KM3zjB,2dRM9e,Auth
iMuCTa,KEiQN9,Auth
FIdnSJ,wH4LIo,Owner
VchOmW,xmak5R,Auth
reZXUd,7dMq5r,Auth
jJxL0H,vjfS5w,Auth
SWP5Wk,736OcZ,Auth
0mpdqz,m8YLa3,Owner
8FhopC,oohUcV,Auth
s3Aj1o,2pXcIx,Owner
DypGXg,eSwerc,Owner
4yLjoI,sG2L8t,Owner
oJrGLc,tYBEtp,Auth
25kzUb,2u6N9N,Owner
3WScli,ACGScD,Auth
cInQNw,w04xv7,Owner
vbO6wz,YZ4BaR,Owner
wStuD2,Dq4ZdT,Auth
WkfTn9,iggpMB,Auth
4EMn2h,xGFF3O,Owner
PTVTk0,F9Nab1,Owner
PMAubr,FjS1f2,Auth
Ev0fQk,pwyZZO,Auth
mQIy3U,So94gM,Auth
L5icDC,iXRqVd,Owner
EsQ0Kd,1pBndt,Owner
zJljo5,xG79Am,Auth
S7Vo0l,IYDkSt,Owner
ENoIbr,KEyDbN,Owner
i29Rai,Wuc87M,Auth
QGnNLb,xsPBkq,Owner
AWkvJk,NZI3Zd,Auth
o8NB7O,uhCsHr,Auth
3M4VXJ,RSCVZg,Owner
TKwVtF,QiHIhB,Owner
0zycY1,xuZUGs,Owner
xmzo6A,wCurYw,Auth
Gz76kt,fydMoE,Owner
rd2pHi,LhnV5T,Owner
wdbOgj,ldj6m2,Auth
s2VZtt,qgqbJv,Auth
RWd6FY,rnWdUe,Auth
zaWJC5,6DLBAq,Auth
VCR4vk,Q2hwJr,Owner
vvIR9C,6MGO8O,Owner
bvkyHk,ZVecSF,Owner
FkmT0J,8LufR9,Auth
WIta8V,jqoJ3i,Owner
az8qZC,b2Wgvg,Owner
NKqKO5,qf6UQ2,Owner
EUpAxi,kHaOCW,Owner
VdFMdm,Cvn87H,Owner
N2biSl,X9Eaji,Owner
H33wwX,h9wN23,Owner
dKXijQ,suhXpP,Owner
wIwZju,Fhd5Jh,Owner
REkcZA,YEdDQT,Auth
Ewb3El,miKbf4,Auth
TqRb9B,uEYv43,Owner
7m2kn2,iURW3s,Owner
18cry7,KUNC3S,Owner
rLEsZc,B0EzHf,Owner
QEQr4I,DCI0gs,Owner
6vYSEs,Aaqx4U,Owner
3N7VNa,I3ZykS,Owner
SKAqhZ,U8454Q,Owner
vbA2GU,ursG7d,Auth
bSQHNp,ic3pYO,Auth
4Q4KRc,gaCM4l,Auth
UgGjzw,w21SvO,Auth
u7XSWy,WOURQ1,Auth
VM9dyR,F0kzHO,Auth
jMUKG8,Slcv5p,Owner
plF3op,g9PBrd,Auth
tUyUgp,7rWK8G,Owner
7M8GWq,0wgWtf,Auth
I520AF,NPRqe0,Auth
qUBPYN,RSI1ad,Owner
XPhRB5,9QT7Ur,Owner
wrs0cX,DHAumL,Owner
rOPo6F,VBFXNN,Auth
8iqOqd,6ATzUS,Owner
3dfLnh,Btj2H8,Owner
btykIV,Npduwb,Auth
W4sSUJ,Ui28YX,Owner
mFwN9w,AwxCsg,Auth
Hr1xYO,T3W7lQ,Auth
UYVq5N,gQO1mj,Owner
Um5xJV,3ojY06,Owner
jnshwy,Tm6Uky,Owner
SVGwtx,0EalpH,Auth
ean2j3,2LS6xA,Owner
slboql,SzCDKS,Auth
xrEhh1,mHIPlE,Auth
KkH3v5,0lzUvC,Owner
QSOpIJ,ZpwEsR,Auth
pDm8pS,Sv9hP1,Owner
1J8SiI,FQItse,Owner
3C4YFI,w65ivN,Owner
JfJHUV,sCt7zK,Owner
Jb1tYo,XUO8WU,Owner
ajfFu2,eoBSRl,Owner
6T3ery,k0LcTG,Owner
Je9mWY,x5jCid,Auth
ikVn4q,lLuZud,Owner
3vqWEJ,Ynjfee,Owner
LoSQnf,JeLo65,Auth
xUvCrU,DndPq1,Owner
vpNcPk,odADud,Auth
KNyjjc,vXoLCt,Auth
Z5tCiV,z5w5Vb,Owner
RwiqM7,DB0fbh,Owner
ja15i8,NFH53x,Owner
0m2evd,G2xc6I,Auth
MivCen,kqj7mP,Owner
WaH8O5,AeCjuz,Auth
dI0qLv,vRmASL,Owner
vn167u,7pIlSr,Auth
y5eUhH,vpSb1L,Owner
tARxfS,8Ufhjv,Owner
xRRU26,BUrowG,Owner
dOuuFI,Z8YiHK,Auth
z2gVCE,DO3Bv6,Auth
LIZPdo,3cbH1e,Auth
J9YGGo,vZhtMD,Owner
7rFmO5,Hf3VF9,Owner
WNX2zS,q5HU4s,Auth
HZSZR9,g72uZJ,Auth
ImQOlw,70eNZi,Auth
3Firuo,rUrKfm,Owner
dNx4Qt,OdJds1,Owner
lGXwkg,T7Xkaw,Owner
92qlpC,oAYRbc,Auth
uheuqm,sLHez1,Auth
kuC8sJ,ar20uD,Owner
22Iq3C,pN4LbH,Owner
j1fn8R,te2KT8,Owner
PPNloE,P3t401,Owner
rIFa7d,Gsmjhj,Owner
sqM7k4,nbMib6,Owner
GiAt28,RnTiMe,Owner
METtOr,LBzYTL,Auth
TsFBvz,thdWN5,Owner
lxa2Ex,ZAjmwN,Auth
0mGiWB,MVTvxK,Auth
Fq0Oxm,FjL1xr,Owner
c4ToV2,52w92c,Owner
Hi8RnS,Wq7Kgk,Auth
pMj6yn,i1HYfB,Auth
YGbULz,RJPBPm,Owner
PZhX2T,B58poX,Owner
OHLNLp,2pDYiv,Auth
sgEewo,45DWA3,Auth
dkbtts,hUkAWb,Auth
l6NmKb,njCsCg,Auth
MmA37r,owxfRR,Owner
A8JZ04,C1uWdd,Owner
VEOQCH,0n6JRX,Auth
XRVLQU,kETBiV,Auth
XdVjOD,iA9bLN,Auth
HYKZE4,uwUt5E,Owner
4kjcMr,DZfZEx,Auth
PeKxEp,JOKa6q,Owner
telAOO,p58RuU,Owner
adY7xQ,pp1IJl,Auth
UCXCpL,91ILfl,Auth
cCeX22,wgvMPw,Owner
UB7tA1,giRTdj,Owner
eKLxil,jAFVfU,Auth
nPCpQA,umLYe8,Owner
yw2dXs,KtYPrv,Owner
Qw6lTn,RBowHs,Owner
ywjGre,bldzmX,Owner
W9hIWF,Om0NuE,Auth
ng70P3,14W9m2,Auth
qd3pv2,VwPbij,Auth
JX6Kdy,x8aEVr,Auth
xcKeck,GlnNAQ,Auth
ouxVqk,fbIAqW,Owner
h9shp9,tXfurA,Auth
83mLQx,UxqLXC,Owner
NvAOxL,ma4t2P,Owner
forSYO,iJwVyR,Owner
EfzqPe,zGSPun,Owner
uQgmXl,mKqysY,Auth
fETJ0c,uxIPCi,Auth
bhypUr,vh4Wy8,Auth
UPTNsL,W49JtU,Owner
dPUQIV,77ommj,Owner
pHhL4E,urTC1f,Owner
JBFsNc,ULmbpw,Owner
ygRDKY,fWaSwt,Auth
owFKZ3,bBB6sT,Owner
2fOiYF,Xyv5EA,Auth
YuWmD0,5aw6wt,Auth
1BTc7h,Iv5q5U,Owner
7kCYtU,XFxoyD,Auth
nYTBYo,t2glK8,Auth
6oYzOf,dGWuEG,Owner
3yWjN8,idwC4H,Owner
vCvXcF,LrMnnk,Owner
u1fVlf,xquATy,Owner
cQvUCq,wsDRcK,Owner
ArW0Tv,KFvW7y,Auth
t1g1Ja,oWbFKq,Owner
PE1Lt3,eIzhB2,Owner
YKnZFO,49ifqv,Auth
2Jl2k5,P289I1,Owner
FnCMuK,gi5WTu,Auth
HO8E7w,zePPB6,Auth
EZe9Sv,wfkMqW,Owner
1SVrzW,Lo8nim,Owner
I0guwj,fcQ5ma,Owner
kDOmSo,iFKr3T,Auth
8JsSjs,4B1n9z,Owner
HPTx3R,5092Ht,Owner
SSXPEq,ja0clA,Auth
wKPbYM,2szYBk,Owner
1SgB3N,Sg5y19,Owner
Cke3ry,UmRoXa,Owner
lLMlre,aUdwBY,Owner
5ICEpZ,EWBj2w,Owner
S0ETtb,ah5StY,Auth
ycWrOc,RByv2V,Auth
Z2g51N,NmRt4Q,Owner
VsraOA,Vee9yF,Auth
Inylqf,H1GqAc,Owner
q6tZMN,xeOVZ4,Owner
PGbhj9,S6Etlv,Auth
IOV7iF,8rpVjk,Owner
HDIJpd,DYLPpa,Auth
uiODzA,HKPMnN,Owner
1MJWS0,Nq6QpE,Auth
Dwfz3O,eihiT0,Auth
OKWLqV,hcevGi,Auth
WQ0TO4,azIYEI,Auth
H0YA3b,UiYPFz,Owner
toURQr,tVLSiy,Auth
pqcBAa,3CyaSd,Auth
VFO7U8,us7aca,Owner
FVaFtz,rA7AYg,Owner
2DcpZP,yehu4c,Auth
CNn8DF,yfXK0T,Auth
VbUJOv,AtGron,Owner
NEJxLT,ZiNPWM,Auth
5yEnhf,LSlnJC,Owner
LyiWdX,Y2jf6v,Owner
f5GqQm,4h2WKW,Owner
Zacwuj,dAjjDC,Owner
WbX2WY,kIuXZa,Owner
ld97iM,qj2Osh,Auth
PvIcCA,C72kJL,Auth
dvrCqJ,NOFBAd,Owner
42efbb,8KyLGY,Auth
RTILR9,CD8LAZ,Owner
HoGjFJ,QMD8Vp,Owner
jvwCfp,4grWEA,Owner
HOdjvI,GJiEXo,Auth
1EyraM,pHrFeR,Owner
ifo0t7,H5VoQr,Owner
CbISyy,oI81B3,Auth
mwfHEr,U4rzZJ,Auth
llEVh0,VdVKki,Auth
OuBBJi,QgHfEO,Owner
e394OW,pmQpUL,Auth
3AthnU,pHQNK8,Owner
Lingd5,GogzAo,Owner
OdPZZm,6vZm6l,Auth
cd9QB4,fndVN7,Auth
ICJ7SX,tbDRAP,Auth
sCFlWX,8E57Ov,Auth
T55Q1k,fbbKBo,Owner
W9odrw,M8BLCw,Owner
7i6nMB,jtTIq3,Auth
Uy1R1P,7ovaP6,Owner
rOMtuy,KXujNN,Auth
lzL5oT,jomNwO,Owner
eB4JyR,0YXMFw,Auth
Qfngbl,nwrBbS,Auth
niJA6A,MpzKFE,Owner
DoD0WU,5o8RrM,Owner
EE7czt,04MGWM,Auth
8nUZSH,Z79Dfq,Auth
0hja3m,ZjTfda,Owner
RbXAW8,XSBuhW,Owner
MQXuhK,hwXJXh,Owner
kqPopW,Gq1zrc,Owner
H1SdKb,XwnXD1,Owner
7jwqQE,r0jAxf,Auth
0ja4Sj,FtSqUl,Owner
89layK,vgOa9m,Auth
3qPZ9p,MhiyCk,Owner
eskJzu,9YsPGq,Auth
yrI60O,nPEPfR,Auth
sW8ZKz,iMnSQQ,Auth
Cm59sg,CgQkRR,Owner
r1ca7N,GbpRAH,Owner
B2P3MZ,6i6iYW,Auth
DkTTzE,AD3CLY,Auth
MLKsAW,yrGuFZ,Owner
oFhxtV,htbTrj,Auth
KYT6Vm,BjbLXm,Auth
vj2RMb,XAe5rs,Auth
YiHQa8,SG5HHB,Owner
61exjm,HQtdfS,Owner
WfI63a,RLxZyd,Owner
Oxyfh3,GnLIHk,Owner
HqkySL,FzmBHM,Auth
qvsMOe,MzINGi,Owner
om2d97,3xIKNC,Auth
KNPbbB,twvPfh,Owner
AjEgem,lNunfs,Owner
Gmx8qv,iiNak3,Auth
CNnifX,ATMkS4,Owner
Ul4N7a,dCHKZs,Auth
2g2pUa,8oo0o7,Auth
xBZxZX,MgeVOM,Auth
KHyCDI,1RI38M,Auth
XPfclY,THv1Ry,Auth
NjgzfW,eV2OxC,Owner
UurEw6,FkJAdX,Auth
x8Rvrq,J5umlD,Owner
BU7te3,RQOfDz,Auth
bzhnNm,J0i4v7,Owner
dXk6hn,C8l3q3,Owner
LSMvW0,voikF7,Auth
FnmFZO,grLmQa,Auth
tPc7XJ,EA6Snq,Auth
L8RkNj,l4KPeS,Owner
5TOmhp,M1Ub97,Auth
Y0kWid,dQBfKY,Owner
Foalo6,iqqdAj,Auth
v7023S,9yWAm4,Auth
nEfWFG,TCrmjR,Auth
